status,start_date,end_date,starting_equity,ending_equity,net_pnl,daily_profit_sum,equity_reconciliation_error,net_return,cagr,max_drawdown,drawdown_peak_date,drawdown_trough_date,drawdown_recovery_sessions,annualized_volatility,sharpe_zero_rf,sortino_zero_mar,calmar,turnover,trading_costs,adverse_execution_costs,explicit_fees,dividend_income,realized_pnl,unrealized_pnl,buy_count,sell_count,completed_round_trips,win_rate,payoff_ratio,profit_factor,average_holding_days,median_holding_days,profitable_days,losing_days,best_day,worst_day,average_invested_exposure,average_cash_allocation,average_approx_3x_invested_exposure,best_month,worst_month,monthly_returns,calendar_year_returns,minimum_equity,maximum_equity,risk_definition,candidate_id,track_id,pair_id,strategy_id,variant,cost_scenario,execution_delay_sessions,protocol_hash,phase,window_id,benchmark,artifact_path,qqq_return_gap,qqq_beta,qqq_correlation,qqq_bootstrap_p05,qqq_bootstrap_p50,qqq_bootstrap_p95,spy_return_gap,spy_beta,spy_correlation,spy_bootstrap_p05,spy_bootstrap_p50,spy_bootstrap_p95,qqqm_return_gap,qqqm_beta,qqqm_correlation,qqqm_bootstrap_p05,qqqm_bootstrap_p50,qqqm_bootstrap_p95,smh_return_gap,smh_beta,smh_correlation,smh_bootstrap_p05,smh_bootstrap_p50,smh_bootstrap_p95,soxx_return_gap,soxx_beta,soxx_correlation,soxx_bootstrap_p05,soxx_bootstrap_p50,soxx_bootstrap_p95,qqq_bootstrap_p025,qqq_bootstrap_p975,spy_bootstrap_p025,spy_bootstrap_p975,qqqm_bootstrap_p025,qqqm_bootstrap_p975,smh_bootstrap_p025,smh_bootstrap_p975,soxx_bootstrap_p025,soxx_bootstrap_p975,evaluation_return,evaluation_drawdown,stress_coverage,qualification_status,qualification_reasons,delayed_evaluation_return,delayed_evaluation_drawdown,delayed_gate_basis,qualifies,performance_gates_pass,average_equity,turnover_to_average_equity
OK,2023-09-19,2026-09-18,1000.0,4061.85721473548,3061.85721473548,3061.857214735479,-9.094947017729282e-13,3.06185721473548,0.5960525845971696,0.6525321554327081,2026-06-22,2026-07-29,62,0.8047327663672111,0.9922357860602292,1.3991960447613287,0.913445536184978,9914.38770476764,10.0233722529794,9.913372252979402,0.11,27.398798318458997,114.75579995500031,2919.7026164620206,13,11,11,0.3636363636363636,2.2987129233966317,1.3135502419409324,104.0909090909091,10.0,409,291,0.2197943807047226,-0.2853360869301391,0.8386077541720208,0.1613922458279791,2.5158232625160624,1.1214974922124,-0.5274247148744642,"{'2023-09': -0.05561541266952508, '2023-10': -0.09167883150128386, '2023-11': 0.08016331713800073, '2023-12': 0.26477470112458046, '2024-01': 0.029873128591150655, '2024-02': 0.24280457291978985, '2024-03': 0.05844561665101855, '2024-04': -0.1631924809774743, '2024-05': 0.23306939835584872, '2024-06': 0.1598511780814258, '2024-07': -0.14386643267669075, '2024-08': -0.2459946528129653, '2024-09': 0.037103530777928606, '2024-10': -0.09090530843801281, '2024-11': 0.07503553088739623, '2024-12': -0.004315889367789594, '2025-01': -0.0382420929714794, '2025-02': -0.09281899433898011, '2025-03': -0.09664162784371033, '2025-04': 0.0, '2025-05': -0.008221761340052924, '2025-06': 0.26842357419603435, '2025-07': 0.026050868126649362, '2025-08': 0.02828122046654946, '2025-09': 0.25261044479841455, '2025-10': 0.26503031148871625, '2025-11': -0.10863530572176472, '2025-12': -0.0018376085999036729, '2026-01': 0.29343358188128144, '2026-02': -0.014883248164686447, '2026-03': -0.18042818428399532, '2026-04': 1.1214974922124, '2026-05': 0.6897990072264315, '2026-06': 0.15704308587917626, '2026-07': -0.5274247148744642, '2026-08': 0.00839861984321888, '2026-09': 0.07787751444832525}","{'2023': 0.17190098831396528, '2024': 0.056238661936174106, '2025': 0.4748676695874834, '2026': 1.2249416016925658}",844.5251256090451,8816.957553872786,daily_mark_to_market_equity,L03__TQQQ_SOXL__primary,b,TQQQ_SOXL,L03,primary,base,0,sha256:acd49d7f6e3e633cb9e24e4f31a698d59c7e8a2578e14056df443689e9c014bb,continuous,,False,L03__TQQQ_SOXL__primary/base/continuous,2.09641945257934,2.9040271358071177,0.7266779928083313,-1.0612842718507838,2.3022650829520095,30.94478883132535,2.30430336654061,3.091472976419197,0.5743743308735005,-1.1236297547877272,2.534390120165502,31.55060515960352,2.0939551142730397,2.9342526184894124,0.7281656899951054,-1.0655409785588197,2.2995717036201655,30.935485691713595,0.1650850726615299,1.8532210683197656,0.842593618303375,-2.411121719056315,0.3378341114260643,26.080789080811652,0.7331991830493676,1.778572483948586,0.8639787763718869,-1.7011126536735253,0.9386299909626415,26.69093809891795,-1.247103934074455,49.5182352278014,-1.2529188853699067,50.50396161503798,-1.2498843867682077,49.51470368806373,-2.963599942533289,44.55467993636768,-2.0893292870048312,44.28031826386391,2.5491549990785347,0.6176870981608609,COMPLETE,BLOCKED_EXECUTION_AUDIT,evaluation_base_drawdown_exceeds_ceiling;evaluation_stress_drawdown_exceeds_ceiling;historical_stress_drawdown_exceeds_ceiling;continuous_base_drawdown_exceeds_ceiling;continuous_stress_drawdown_exceeds_ceiling;delayed_execution_gate_failed;execution_protocol_audit_incomplete,2.373534631258323,0.6122772339274618,evaluation_index,False,False,1943.4750419131549,5.10137125044216
OK,2023-09-19,2026-09-18,1000.0,3830.850128855955,2830.8501288559555,2830.8501288559564,9.094947017729282e-13,2.8308501288559555,0.5651821738747789,0.6431685659359225,2026-06-22,2026-07-29,62,0.7622546559071579,0.9771601359015694,1.3834195171874455,0.8787465740841053,10627.958521472645,10.736951707004376,10.626951707004377,0.11,18.86401340796,44.81147103679541,2767.1746444112005,13,11,11,0.3636363636363636,1.9786262587526284,1.1306435764300733,101.27272727272728,10.0,399,281,0.2170169924319893,-0.2831270140230106,0.8227211883137999,0.1772788116862,2.4681635649414,1.1250328651597543,-0.5184229248927534,"{'2023-09': -0.06175731650150984, '2023-10': -0.05645181004427735, '2023-11': 0.027122369619085873, '2023-12': 0.2504797491071509, '2024-01': 0.027482926502940597, '2024-02': 0.2465759539328789, '2024-03': 0.08715457112078728, '2024-04': -0.1572139317072443, '2024-05': 0.21403588398112072, '2024-06': 0.12331907078440718, '2024-07': -0.11073666699574902, '2024-08': -0.22975666597125266, '2024-09': 0.03142541822322764, '2024-10': -0.09040848613948627, '2024-11': 0.08994295022399212, '2024-12': -0.060477339068036096, '2025-01': -0.02757436387184964, '2025-02': -0.05955197923684874, '2025-03': -0.1330025956845171, '2025-04': 0.0, '2025-05': -0.012580612263300761, '2025-06': 0.2477505196484624, '2025-07': 0.023773996261093888, '2025-08': 0.045639863257527, '2025-09': 0.2240563023994009, '2025-10': 0.23759919262363227, '2025-11': -0.08922035165331565, '2025-12': 0.00784264320492456, '2026-01': 0.2994159147980495, '2026-02': -8.621765676275484e-05, '2026-03': -0.20434429322349146, '2026-04': 1.1250328651597545, '2026-05': 0.6679399937960966, '2026-06': 0.162431789955378, '2026-07': -0.5184229248927534, '2026-08': -0.00020919115286810452, '2026-09': 0.07272965488531047}","{'2023': 0.1370462311084908, '2024': 0.05315004093186659, '2025': 0.4541596463990365, '2026': 1.1999595780905898}",874.4644728168003,8274.471812832915,daily_mark_to_market_equity,L03__SPXL_SOXL__primary,b,SPXL_SOXL,L03,primary,base,0,sha256:acd49d7f6e3e633cb9e24e4f31a698d59c7e8a2578e14056df443689e9c014bb,continuous,,False,L03__SPXL_SOXL__primary/base/continuous,1.8654123666998157,2.6282476236379657,0.6943192676993059,-1.0441756313273014,2.1621222366934507,28.02803707562994,2.0732962806610855,2.8381344909977075,0.55669092157822,-1.0895162476229066,2.3525672021052717,28.41673459113248,1.8629480283935151,2.654403611273672,0.695426554026843,-1.0480368053296878,2.1528883511149015,28.02282028312577,-0.0659220132179943,1.7033161234434806,0.8175941836813017,-2.5443811513814643,0.1661228886581467,23.0299889310263,0.5021920971698433,1.6506261024931608,0.8465094541016344,-1.77208588630567,0.7725001961116347,22.69428446207835,-1.248309334908481,43.94995011457046,-1.222433125848183,44.245077315201215,-1.2500011762596588,43.94545111989204,-3.102460181848366,36.32637636228585,-2.210968021181779,37.322047864244155,2.3991630543504074,0.5935493209828717,COMPLETE,BLOCKED_EXECUTION_AUDIT,evaluation_base_drawdown_exceeds_ceiling;evaluation_stress_drawdown_exceeds_ceiling;continuous_base_drawdown_exceeds_ceiling;continuous_stress_drawdown_exceeds_ceiling;delayed_execution_gate_failed;execution_protocol_audit_incomplete,2.2845414510179465,0.5860932925443332,evaluation_index,False,False,1865.815621185565,5.69614617907395
OK,2023-09-19,2026-09-18,1000.0,3255.792643398134,2255.792643398134,2255.792643398134,0.0,2.255792643398134,0.482527042839511,0.2788341959132171,2024-06-18,2024-08-05,117,0.4173360596568313,1.1571901266030695,1.6736447653673616,1.7305160195978622,64771.7925574058,65.43147938146652,64.77147938146652,0.6599999999999999,9.989409469599998,2302.2159352938143,-56.412701365279446,60,66,66,0.7878787878787878,0.9945916652668196,3.694197613848188,68.18181818181819,42.0,358,283,0.1070363527207356,-0.1484586973733289,0.5303981922995104,0.4696018077004896,1.5911945768985307,0.4866741398203043,-0.136279118149449,"{'2023-09': -0.07137236304248973, '2023-10': 0.0, '2023-11': 0.0385905253433565, '2023-12': 0.12115485762384481, '2024-01': -0.026691227849338306, '2024-02': 0.21133808926949604, '2024-03': 0.016675362459562804, '2024-04': -0.08425678741358655, '2024-05': 0.13842826703829858, '2024-06': 0.02303559672406963, '2024-07': -0.1282590623048765, '2024-08': 0.06157247553920975, '2024-09': 0.05058177159454402, '2024-10': -0.040028763390996924, '2024-11': 0.17233443183622565, '2024-12': -0.08418874559393585, '2025-01': 0.018427637750351833, '2025-02': -0.030603634853723194, '2025-03': 0.0, '2025-04': 0.0, '2025-05': 0.011044424952089793, '2025-06': 0.0835118336682501, '2025-07': 0.011000826810476205, '2025-08': -0.024048157153385596, '2025-09': 0.10975259356951628, '2025-10': 0.244899807879303, '2025-11': -0.11271433613822035, '2025-12': -0.04975632902462157, '2026-01': 0.10945926495137015, '2026-02': 0.006492873544124089, '2026-03': -0.08099025350547395, '2026-04': 0.4866741398203043, '2026-05': 0.3293576772110314, '2026-06': 0.06156000413937801, '2026-07': -0.13627911814944904, '2026-08': 0.0343727312968265, '2026-09': -0.016929095684598217}","{'2023': 0.08131334760177045, '2024': 0.2810058235336601, '2025': 0.24300930350501115, '2026': 0.890948453637731}",923.77997534626,3856.5712819380783,daily_mark_to_market_equity,L08__SPXL_SOXL__primary,b,SPXL_SOXL,L08,primary,base,0,sha256:acd49d7f6e3e633cb9e24e4f31a698d59c7e8a2578e14056df443689e9c014bb,continuous,,False,L08__SPXL_SOXL__primary/base/continuous,1.2903548812419938,1.3495312090009228,0.6511634924401513,-0.3698486214733387,1.5445983759832544,7.569821688985467,1.4982387952032636,1.5433250491775374,0.5529078386027125,-0.3438737894287472,1.7614157456249435,8.352981408502242,1.2878905429356935,1.366154853120728,0.6537299976687068,-0.3730389190218337,1.542348719318233,7.562858574287251,-0.640979498675816,0.8275837553315476,0.7255522071745097,-3.244735904768495,-0.4017108196366801,3.5573518630158136,-0.0728653882879784,0.7788166987588099,0.7295121566486019,-2.456670242862159,0.1940114019116532,4.213608847457781,-0.5556232243174958,9.80585133654511,-0.5431132445639666,10.283571824390938,-0.5611827408672669,9.803927564223477,-4.003245981932269,5.094917431696203,-3.5661435180684107,5.729702611696755,1.957893233862428,0.2788393730974328,COMPLETE,BLOCKED_EXECUTION_AUDIT,execution_protocol_audit_incomplete,0.9204758609946675,0.3651220451987417,evaluation_index,False,True,1674.7369616929489,38.67580046237808
OK,2023-09-19,2026-09-18,1000.0,3016.082022390341,2016.082022390341,2016.082022390341,0.0,2.016082022390341,0.4451863288162423,0.3480929114408022,2024-07-10,2024-08-07,299,0.3970543850940329,1.1306840020222426,1.6123712161974606,1.2789296023683956,18318.84155934721,18.997860500229613,18.317860500229617,0.68,8.049505341569997,2062.2865980502356,-54.25408100146534,59,68,68,0.9558823529411764,0.3778572219047683,8.186906474603314,460.8382352941176,563.5,408,308,0.0829130179779951,-0.1189807623515888,0.4843966659952277,0.5156033340047723,1.453189997985683,0.4498799301180909,-0.1503281992695446,"{'2023-09': -0.10499777507373975, '2023-10': -0.01832657769363799, '2023-11': -0.019039852302733862, '2023-12': 0.12984885009713376, '2024-01': 0.023487705762371247, '2024-02': 0.16643334449920855, '2024-03': 0.05348726628259137, '2024-04': -0.07828655257892647, '2024-05': 0.11302309784632136, '2024-06': 0.07639662448375373, '2024-07': -0.08510840991340118, '2024-08': -0.0027652671877699264, '2024-09': 0.03639011420615601, '2024-10': -0.04291627987154656, '2024-11': 0.17106156125691885, '2024-12': -0.08377749006443469, '2025-01': 0.06663855576775068, '2025-02': -0.05000651183995186, '2025-03': -0.073563212960716, '2025-04': -9.97753768494647e-09, '2025-05': 1.8941097579272537e-08, '2025-06': 0.05969078872493472, '2025-07': -0.02572524227644324, '2025-08': 0.021334914874416855, '2025-09': 0.20624699212580921, '2025-10': 0.1960122188088662, '2025-11': -0.06258335666491699, '2025-12': 0.012607125626418414, '2026-01': 0.15521659370814422, '2026-02': 0.005439562905003692, '2026-03': -0.09893310819167389, '2026-04': 0.4498799301180909, '2026-05': 0.26396959706171463, '2026-06': 0.04969210588409312, '2026-07': -0.15032819926954466, '2026-08': 0.008152879635489052, '2026-09': -0.017568002302569385}","{'2023': -0.026215493920999422, '2024': 0.34854418528772846, '2025': 0.3555888555171043, '2026': 0.6942875410669682}",856.5546695609002,3698.8124653154337,daily_mark_to_market_equity,L02__SPXL_SOXL__primary,b,SPXL_SOXL,L02,primary,base,0,sha256:acd49d7f6e3e633cb9e24e4f31a698d59c7e8a2578e14056df443689e9c014bb,continuous,,False,L02__SPXL_SOXL__primary/base/continuous,1.050644260234201,1.3948515425040091,0.7074097038331593,-0.3841462309593545,1.468769199268534,6.963208785840122,1.2585281741954708,1.6153479875019152,0.6082713359287353,-0.3686724213963982,1.6855661823983643,7.391411891803785,1.0481799219279009,1.4113704649612508,0.7098644447803586,-0.3848218258268423,1.4641977118048213,6.9621994554401185,-0.8806901196836088,0.8708811517329197,0.8025119648621192,-3.2112684637200086,-0.4371278165870025,2.85316136617345,-0.3125760092957712,0.818467918834272,0.8058140852684674,-2.4420739176921655,0.0698874639353347,3.555960355136884,-0.6140132276078172,8.551330898871912,-0.5826471916818806,9.239497195249324,-0.6207830966421588,8.546779751354132,-4.0304443218051595,3.917229333398703,-3.3748689053467076,4.389468175733686,1.9110185228720509,0.34809393574584824,COMPLETE,BLOCKED_EXECUTION_AUDIT,execution_protocol_audit_incomplete,1.4840933807165597,0.38168529557762987,evaluation_index,False,True,1609.3683903241304,11.38262791134959
OK,2023-09-19,2026-09-18,1000.0,2737.858646686398,1737.858646686398,1737.858646686398,0.0,1.737858646686398,0.3992764970666964,0.3434424814587427,2024-07-10,2024-08-05,311,0.3687025929389826,1.1004311945242224,1.5507401174920976,1.1625716637347934,21787.948799300055,22.75809785596372,21.78809785596372,0.97,15.427481277360007,1657.6935379284605,64.737627480577,98,97,97,0.9278350515463918,0.3841856181110993,4.939529375714134,530.6082474226804,652.0,387,277,0.0890071069218774,-0.1328890610493223,0.5749759540248246,0.4250240459751754,1.724927862074474,0.4196313804609139,-0.1194976716998813,"{'2023-09': -0.06299866689771993, '2023-10': -0.010507345750964125, '2023-11': -0.0018418309521529563, '2023-12': 0.11919319864622535, '2024-01': 0.03140420126400478, '2024-02': 0.19017327036181286, '2024-03': 0.0772901768983596, '2024-04': -0.11184785775450179, '2024-05': 0.14051522846926012, '2024-06': 0.09982246163278363, '2024-07': -0.05694733388850415, '2024-08': -0.11462680366921507, '2024-09': 0.030744969838448988, '2024-10': -0.04644817494838038, '2024-11': 0.10168335892321823, '2024-12': -0.020705929895428854, '2025-01': -0.037137327086026684, '2025-02': -0.029956261837876363, '2025-03': -0.04261286789210961, '2025-04': 0.0, '2025-05': 0.0, '2025-06': 0.05836448375031322, '2025-07': -0.0022894347912583157, '2025-08': 0.03872290525828381, '2025-09': 0.19105400988569632, '2025-10': 0.14645684686533222, '2025-11': -0.049680792584959166, '2025-12': 0.00511146663360984, '2026-01': 0.11737805824469483, '2026-02': -0.010024900945901694, '2026-03': -0.09942235018004386, '2026-04': 0.41963138046091397, '2026-05': 0.23121834700577004, '2026-06': 0.021341749480643157, '2026-07': -0.11949767169988135, '2026-08': 0.0242483589393645, '2026-09': -0.012301447734430204}","{'2023': 0.035755411302310414, '2024': 0.3043993888608787, '2025': 0.27925078809826176, '2026': 0.5841180092160287}",904.3838478840404,3149.0848141652777,daily_mark_to_market_equity,L04__SPXL_SOXL__primary,b,SPXL_SOXL,L04,primary,base,0,sha256:acd49d7f6e3e633cb9e24e4f31a698d59c7e8a2578e14056df443689e9c014bb,continuous,,False,L04__SPXL_SOXL__primary/base/continuous,0.772420884530258,1.3333624506062416,0.7282241066155074,-0.5278385543932514,0.9773447730179564,4.979853951109537,0.980304798491528,1.585572790489321,0.6429707933086422,-0.4810563962296256,1.1527580168914122,5.606010991052641,0.7699565462239577,1.349377279860129,0.7308724599293887,-0.534822099579688,0.9739043025999372,4.9737496995735375,-1.158913495387552,0.8027173601870011,0.7965794258374278,-3.850632580986248,-0.9023283914881564,1.1467586050467766,-0.5907993849997142,0.7479807574336554,0.7930442551867736,-3.2080015142140277,-0.321655203983388,1.8711305472896376,-0.7662707011101787,6.214462429652,-0.65053910665345,6.983281859898315,-0.7669362248936484,6.215783253882706,-4.836290779554371,1.696755446879496,-4.2131029032825875,2.516578673539745,1.6430024693647827,0.3418017796383207,COMPLETE,BLOCKED_EXECUTION_AUDIT,execution_protocol_audit_incomplete,1.4097355604216038,0.34568992803357546,evaluation_index,False,True,1569.1399848723133,13.885280478065837
OK,2023-09-19,2026-09-18,1000.0,1480.6067250598255,480.60672505982575,480.60672505982575,0.0,0.4806067250598258,0.1398616764692235,0.1600462464743431,2024-12-06,2025-03-04,352,0.2015083365517658,0.7531828035298163,1.0616593373886185,0.8738828904159561,8622.423555043024,8.671488900094495,8.621488900094494,0.05,12.13943214492,473.2950533589054,-4.827760443999946,6,5,5,1.0,,,182.4,212.0,361,270,0.0734759082880527,-0.087751822371521,0.2759918125667247,0.7240081874332753,0.827975437700174,0.1717528991359997,-0.0839462967677538,"{'2023-09': 0.0, '2023-10': 0.0, '2023-11': 0.0, '2023-12': 0.13374737335539044, '2024-01': -0.03007637216486503, '2024-02': 0.004508491983377327, '2024-03': 0.0015568065862683333, '2024-04': -0.003484049338799422, '2024-05': 0.00435877344123492, '2024-06': 0.0028846750079922767, '2024-07': -0.004560162527131206, '2024-08': 0.13302478688147823, '2024-09': 0.050409635595749513, '2024-10': -0.03989907797354797, '2024-11': 0.17175289913599978, '2024-12': -0.08394629676775389, '2025-01': 0.0659690320326125, '2025-02': -0.04998098388520822, '2025-03': -0.07259049697494602, '2025-04': 0.0, '2025-05': 0.0, '2025-06': 0.13079346019540772, '2025-07': -0.0047194039462440385, '2025-08': 0.00048762347762321134, '2025-09': 0.0040508566390291545, '2025-10': 0.005925780860431384, '2025-11': -0.002968198679266232, '2025-12': 0.00035158236739807336, '2026-01': 0.009019254417460543, '2026-02': 0.0004433128494891747, '2026-03': -0.006719091690744361, '2026-04': 0.035994107465261216, '2026-05': 0.04278021374798868, '2026-06': 0.017853693173636387, '2026-07': -0.06292152807841167, '2026-08': -0.0008526397870884939, '2026-09': -0.006956394176171998}","{'2023': 0.13374737335539044, '2024': 0.19585314193057002, '2025': 0.06530091026333817, '2026': 0.025116624792690168}",987.3035602877452,1614.9043746288253,daily_mark_to_market_equity,L01__SPXL_SOXL__primary,b,SPXL_SOXL,L01,primary,base,0,sha256:acd49d7f6e3e633cb9e24e4f31a698d59c7e8a2578e14056df443689e9c014bb,continuous,,False,L01__SPXL_SOXL__primary/base/continuous,-0.4848310370963142,0.5250952235110842,0.5247326315154615,-1.6167232540602905,-0.4958758232227837,0.3185784483471077,-0.2769471231350444,0.6704032319326704,0.4974212499731136,-1.0088507609198862,-0.3339620356064257,0.4310544775427987,-0.4872953754026146,0.531114413329636,0.5263558636464473,-1.619799924946821,-0.4983721509610964,0.3090163401259336,-2.416165417014124,0.2736214240891293,0.4968207230298203,-7.743497351798083,-2.460377057728968,-0.2498516032853138,-1.8480513066262865,0.2490759879970778,0.4831945572303596,-6.964815211814225,-1.8379856498919611,0.1178254078652955,-1.851430939750108,0.5606093447267014,-1.150052009582213,0.6652234832995543,-1.856789571939244,0.5560324139864153,-9.795818243925083,0.0271524864008903,-8.822954510316624,0.3424841273086029,1.6141141963627552,0.69318555872586,COMPLETE,BLOCKED_EXECUTION_AUDIT,evaluation_base_drawdown_exceeds_ceiling;evaluation_stress_drawdown_exceeds_ceiling;historical_stress_drawdown_exceeds_ceiling;delayed_execution_gate_failed;execution_protocol_audit_incomplete,2.5010309003399382,0.6932100433231994,evaluation_index,False,False,1313.024647248225,6.566840594434759
OK,2023-09-19,2026-09-18,1000.0,2769.013969899614,1769.013969899614,1769.013969899614,0.0,1.769013969899614,0.4045677843831463,0.2092100563658346,2026-06-22,2026-07-29,62,0.2443732316024867,1.5178525252093134,2.2459455739645966,1.933787464191969,40214.63602727106,20.757416186725244,20.10741618672525,0.65,13.705173211339996,1503.9157821293086,251.39301455896523,69,65,65,0.8461538461538461,2.930680149026859,16.118740819647723,342.38461538461536,272.0,428,321,0.0662810263437303,-0.0778584772757315,0.6685084637085302,0.3314915362914697,,0.1708570549995858,-0.141454770020727,"{'2023-09': 0.008017184272224975, '2023-10': -0.026449064946302392, '2023-11': 0.03958317694606084, '2023-12': 0.07743179827200342, '2024-01': 0.05350516277750916, '2024-02': 0.11567327359299373, '2024-03': 0.048298960145152225, '2024-04': -0.03532584751509471, '2024-05': 0.08253830270736096, '2024-06': 0.06919679199944828, '2024-07': -0.05039252212671208, '2024-08': -0.0020564366990506455, '2024-09': -0.005308153752247136, '2024-10': -0.009673530001933273, '2024-11': -0.014357385083068386, '2024-12': 0.027981526287893077, '2025-01': 0.037321023968665656, '2025-02': -0.02429364892292074, '2025-03': -0.031098569666412224, '2025-04': -1.3545764510070057e-10, '2025-05': 2.0297271641211978e-08, '2025-06': 0.1147543057370457, '2025-07': 0.03153024870222976, '2025-08': 0.008545917270727177, '2025-09': 0.10041675805032146, '2025-10': 0.09143422277052293, '2025-11': -0.024084162941823806, '2025-12': 0.022282615274161754, '2026-01': 0.09544968458343783, '2026-02': 0.013694427806185017, '2026-03': -0.030162429332659557, '2026-04': 0.1708570549995858, '2026-05': 0.14822939338532914, '2026-06': 0.0788954882029822, '2026-07': -0.14145477002072704, '2026-08': 0.04323712830823778, '2026-09': 0.015368771217230348}","{'2023': 0.09919728177627074, '2024': 0.3012545118243184, '2025': 0.3627206079033187, '2026': 0.4206281926290478}",963.19285010522,3093.354867638669,daily_mark_to_market_equity,A10__QQQM_SMH__primary,a,QQQM_SMH,A10,primary,base,0,sha256:acd49d7f6e3e633cb9e24e4f31a698d59c7e8a2578e14056df443689e9c014bb,continuous,,False,A10__QQQM_SMH__primary/base/continuous,0.803576207743474,0.873233810644004,0.7195648384933003,-0.2798464187934719,0.7399863605651705,2.277770041458473,1.011460121704744,0.9325896378585314,0.5705821836927621,-0.1641884429414065,0.9106166445591788,2.7217752574048997,0.8011118694371737,0.8826467700226197,0.7213029363787631,-0.2795598689278106,0.7381707779977394,2.2767346234526133,-1.127758172174336,0.5708887368468266,0.8547526666970544,-5.078219732198023,-1.2006981315900225,0.2170381506578847,-0.5596440617864983,0.5303502293388446,0.8483837060756194,-4.362948220333055,-0.5748396078581943,0.6097780466505123,-0.4434180117244261,2.7148422783264072,-0.3072741698013585,3.2346430853561916,-0.4500591546450744,2.71473347804173,-6.648356782732473,0.3376779434462343,-5.85103325202514,0.7856729847071875,1.5805501392099819,0.20921731395857046,COMPLETE,BLOCKED_EXECUTION_AUDIT,execution_protocol_audit_incomplete,1.4657492066718505,0.2093967551125837,evaluation_index,False,True,1683.5755881567682,23.88644520041973
OK,2023-09-19,2026-09-18,1000.0,2684.165962954358,1684.1659629543578,1684.1659629543578,0.0,1.6841659629543575,0.3900625934858732,0.1904868446241788,2024-07-10,2024-08-07,294,0.2346326862762447,1.5265299793471916,2.233827931287101,2.0477140783944816,12392.6894249165,6.466107970872637,6.196107970872637,0.27,16.06315554383,1082.0106012972624,586.0922061132655,35,27,27,0.925925925925926,3.997977964269172,49.97472455336465,206.4814814814815,212.0,402,281,0.0575643881268364,-0.0658854134984273,0.8312375548369755,0.1687624451630245,,0.3271902502585184,-0.1282167669757541,"{'2023-09': 0.0, '2023-10': -0.028411981390604524, '2023-11': 0.09345889470361013, '2023-12': 0.07399749826436386, '2024-01': 0.036535315716842875, '2024-02': 0.09206683431684048, '2024-03': 0.03645686760130662, '2024-04': -0.04608703061604613, '2024-05': 0.09616550641468447, '2024-06': 0.07470650060771478, '2024-07': -0.03604942204444195, '2024-08': -0.005206134002309848, '2024-09': -0.026813393826025655, '2024-10': -0.004738316868471593, '2024-11': 0.028457886262949872, '2024-12': 0.0017038519924965634, '2025-01': 0.01967193483445584, '2025-02': -0.02628965007908557, '2025-03': -0.04147345004612202, '2025-04': 0.0, '2025-05': 0.0, '2025-06': 0.09481212088114033, '2025-07': 0.026380564877861, '2025-08': 0.007559186396541406, '2025-09': 0.0903545459243209, '2025-10': 0.08000887090956521, '2025-11': -0.022785908161817026, '2025-12': 0.011207887111624792, '2026-01': 0.07361055959415186, '2026-02': -0.0033075055668275732, '2026-03': -0.04574710164121787, '2026-04': 0.32719025025851844, '2026-05': 0.13024426327062177, '2026-06': 0.05739654201088129, '2026-07': -0.12821676697575413, '2026-08': 0.03530606466755559, '2026-09': 0.01738357668906243}","{'2023': 0.1410058786223296, '2024': 0.2615557485900135, '2025': 0.25382872023557734, '2026': 0.4872254972982899}",953.940551851555,2959.6774903501814,daily_mark_to_market_equity,A03__QQQM_SMH__primary,a,QQQM_SMH,A03,primary,base,0,sha256:acd49d7f6e3e633cb9e24e4f31a698d59c7e8a2578e14056df443689e9c014bb,continuous,,False,A03__QQQM_SMH__primary/base/continuous,0.7187282007982179,0.905483744960086,0.7771147787092912,-0.2272279477342528,0.6451835111932567,2.253297348357868,0.9266121147594876,0.998706314736901,0.6364005352210622,-0.1439720994257655,0.833602461157326,2.752644914245291,0.7162638624919175,0.9157822450313332,0.7794497145844111,-0.2307505012050678,0.6413865168514301,2.249717687012134,-1.212606179119592,0.5582790059221628,0.8705734239252285,-5.297510132655083,-1.2828274781318478,0.1494379875564507,-0.6444920687317545,0.515992338061752,0.8596821908317256,-4.349694759849897,-0.6786427788180112,0.5556786062661501,-0.3835162046885894,2.680522773131949,-0.2891857951229638,3.3053919270303447,-0.3852558679462994,2.675162756293199,-6.537558728980697,0.3066904348130611,-5.593649275362454,0.709998566359024,1.5670432932608378,0.19046344570845586,COMPLETE,BLOCKED_EXECUTION_AUDIT,execution_protocol_audit_incomplete,1.4645193083565355,0.18969900895402092,evaluation_index,False,True,1634.3622620711205,7.582584175195072
OK,2023-09-19,2026-09-18,1000.0,1443.8201951219455,443.82019512194574,443.82019512194574,0.0,0.4438201951219458,0.1303357299789662,0.2589498335679556,2024-12-16,2025-03-04,439,0.2574311231101144,0.6071413284581232,0.8541282100068641,0.503324246952113,9635.96946394683,9.696404855649684,9.636404855649683,0.06,18.124896807595,425.69529831435045,0.0,6,6,6,0.8333333333333334,2.557317804655085,12.786589023275424,146.5,90.5,342,258,0.0900489190361866,-0.1073552966418021,0.2305909773688262,0.7694090226311737,0.691772932106479,0.1838926030696654,-0.0932587004754884,"{'2023-09': 0.0, '2023-10': 0.0, '2023-11': 0.0, '2023-12': 0.18389260306966548, '2024-01': -0.06725490476875162, '2024-02': 0.005176085271465514, '2024-03': 0.001786143082252556, '2024-04': -0.003996376981394323, '2024-05': 0.005002300585056796, '2024-06': 0.003308447156339378, '2024-07': -0.005227862518940141, '2024-08': 0.1392415156533644, '2024-09': 0.059138310239202685, '2024-10': -0.04821989041674968, '2024-11': 0.1286461788353097, '2024-12': -0.006017280049595453, '2025-01': 0.0448479180680017, '2025-02': -0.09325870047548845, '2025-03': -0.08213948032255936, '2025-04': 0.0, '2025-05': 0.0, '2025-06': 0.15708883863590462, '2025-07': -0.03106206917840748, '2025-08': 0.00046327765066966897, '2025-09': 0.0038487011003611737, '2025-10': 0.0056311921518645836, '2025-11': -0.002821466711575571, '2025-12': 0.00033415282683146863, '2026-01': 0.00857227822196327, '2026-02': 0.0004215298816883095, '2026-03': -0.006389076243952907, '2026-04': 0.03421485018349335, '2026-05': 0.04073546701195485, '2026-06': 0.01703374899793375, '2026-07': -0.06008020829750793, '2026-08': -0.0008116764194109338, '2026-09': -0.003540141264981145}","{'2023': 0.18389260306966548, '2024': 0.20894892067688264, '2025': -0.01779532506796211, '2026': 0.02704827209016214}",984.8027248873856,1679.5224692285535,daily_mark_to_market_equity,L01__TQQQ_SOXL__primary,b,TQQQ_SOXL,L01,primary,base,0,sha256:acd49d7f6e3e633cb9e24e4f31a698d59c7e8a2578e14056df443689e9c014bb,continuous,,False,L01__TQQQ_SOXL__primary/base/continuous,-0.5216175670341943,0.6410488058399796,0.5014447246167797,-1.613007705878816,-0.5254669435298235,0.4513434752424384,-0.3137336530729244,0.7582511000251575,0.4403857430298105,-1.0718475573151849,-0.3719425247102971,0.6305106801931549,-0.5240819053404946,0.6487861052922327,0.5032976292924636,-1.617433345628731,-0.5271686603272904,0.4459553845889413,-2.452951946952004,0.3434917380369989,0.488200101804555,-7.752010643820366,-2.475705437562214,-0.2609170969110513,-1.8848378365641665,0.3053595791320773,0.4636963601870736,-6.980818079517007,-1.8418627945212669,0.1382371296010979,-1.8787411292088856,0.7334836565217074,-1.2302869733736477,0.9008457379704298,-1.87912717364115,0.7317209359200557,-9.775057657570926,0.1105535068369372,-8.910994209785667,0.4161092758823653,1.5522071158938107,0.69318555872586,COMPLETE,BLOCKED_EXECUTION_AUDIT,evaluation_base_drawdown_exceeds_ceiling;evaluation_stress_drawdown_exceeds_ceiling;historical_stress_drawdown_exceeds_ceiling;delayed_execution_gate_failed;execution_protocol_audit_incomplete,2.6213041752913226,0.6932100433231992,evaluation_index,False,False,1300.875242015466,7.40729714328153
OK,2023-09-19,2026-09-18,1000.0,2748.7979017758307,1748.7979017758307,1748.7979017758307,0.0,1.7487979017758306,0.401138923177186,0.1997317483258264,2024-07-10,2024-08-07,253,0.2540692603407024,1.4600911939523409,2.0986490428591136,2.008388383617411,7248.306106653069,3.66389879471948,3.62389879471948,0.04,21.90561631055,587.5424473121402,1139.34983815314,6,4,4,0.75,9.586953148135535,28.76085944440661,340.5,405.5,416,291,0.0549446888150915,-0.0764091109605141,0.907610377529524,0.092389622470476,,0.2250011052467744,-0.1376622179621598,"{'2023-09': 0.008008570826174566, '2023-10': -0.031105567658320066, '2023-11': 0.130412911410982, '2023-12': 0.07597219048277526, '2024-01': 0.04099541636618764, '2024-02': 0.09822656538809738, '2024-03': 0.039331327010533546, '2024-04': -0.045925763313825474, '2024-05': 0.0962289686429787, '2024-06': 0.07400419170059358, '2024-07': -0.037280187885685434, '2024-08': -0.003017098495064041, '2024-09': 0.015682554395602732, '2024-10': -0.012239186318884987, '2024-11': 0.024337610986748137, '2024-12': 0.0045323601823870074, '2025-01': 0.009895692025899239, '2025-02': -0.02538484639666605, '2025-03': -0.02605746307327661, '2025-04': 0.0, '2025-05': -0.013574142714973148, '2025-06': 0.11176638961967056, '2025-07': 0.029705826791657675, '2025-08': 0.0072976327894564985, '2025-09': 0.08937430502118171, '2025-10': 0.08154532464615505, '2025-11': -0.023115508082547476, '2025-12': 0.010764780691455256, '2026-01': 0.0711424389705968, '2026-02': -0.005721032237970047, '2026-03': -0.04919539162565445, '2026-04': 0.2250011052467744, '2026-05': 0.1529021061914213, '2026-06': 0.05956562260795062, '2026-07': -0.13766221796215983, '2026-08': 0.0343160662147739, '2026-09': 0.020549198706230065}","{'2023': 0.18789715208662394, '2024': 0.32247860713644805, '2025': 0.26854872492114135, '2026': 0.37932993279147453}",961.2061274761752,3062.2928175558304,daily_mark_to_market_equity,A04__QQQM_SMH__primary,a,QQQM_SMH,A04,primary,base,0,sha256:acd49d7f6e3e633cb9e24e4f31a698d59c7e8a2578e14056df443689e9c014bb,continuous,,False,A04__QQQM_SMH__primary/base/continuous,0.7833601396196908,1.0003951225540064,0.7928891319222945,-0.1700094013159142,0.7033587239473891,2.1781542876152007,0.9912440535809606,1.0989415915822172,0.6467013094411032,-0.1114476798916964,0.8916332583438694,2.680261336608627,0.7808958013133904,1.0119168466322082,0.7953844549518803,-0.1722690551501022,0.7009207557176169,2.1743894850806615,-1.1479742402981192,0.6220229920480806,0.8957708720151231,-5.116491705314492,-1.2256354496027937,0.1003618414673238,-0.5798601299102816,0.5711807521466388,0.8788295082486609,-4.374572454660026,-0.6417264749345271,0.5368052565340052,-0.3386234043988599,2.54544536905811,-0.2315071106456945,3.2055001788660937,-0.3439362686933679,2.540638510623741,-6.530301659363315,0.2502682900669117,-5.575333696375848,0.6965930620695091,1.493842436980659,0.19276715052908233,COMPLETE,BLOCKED_EXECUTION_AUDIT,execution_protocol_audit_incomplete,1.498598136150302,0.19309398283718304,evaluation_index,False,True,1745.2409458296877,4.153183618556017
OK,2023-09-19,2026-09-18,1000.0,2490.973650415138,1490.973650415138,1490.973650415138,0.0,1.490973650415138,0.3558559139876882,0.2636738206183174,2024-07-10,2024-08-05,297,0.2912201920202203,1.195248527407217,1.7332832083882408,1.3496065447574694,30462.347551261635,31.712141412792207,30.462141412792207,1.25,5.450625141929992,1515.3345300599774,-29.81150478676889,100,125,125,0.816,1.0608071362244125,4.704449038908264,429.848,470.0,407,315,0.0653892145098657,-0.083494244033016,0.3600824446279846,0.6399175553720153,1.0802473338839538,0.3050483728312605,-0.1017776298714192,"{'2023-09': -0.07616558046649513, '2023-10': -0.022167388854769876, '2023-11': -0.009219953388963531, '2023-12': 0.1040019724729726, '2024-01': 0.0244142180360718, '2024-02': 0.11441044648283727, '2024-03': 0.046263453093783546, '2024-04': -0.06010590873185506, '2024-05': 0.08023086019385417, '2024-06': 0.05824694579712464, '2024-07': -0.07126799261153816, '2024-08': 0.006818942384555493, '2024-09': 0.028246439701993475, '2024-10': -0.027610246719475984, '2024-11': 0.1322044173120427, '2024-12': -0.06281472103991603, '2025-01': 0.045662396613264766, '2025-02': -0.03283807714636533, '2025-03': -0.04946544281919418, '2025-04': -1.0171072095666034e-08, '2025-05': 1.9308498133696617e-08, '2025-06': 0.04157192881011995, '2025-07': -0.010591468892036993, '2025-08': 0.030277308864979702, '2025-09': 0.1393091343875681, '2025-10': 0.13624696922974655, '2025-11': -0.04533539412668042, '2025-12': 0.0041307930793377245, '2026-01': 0.12483600718394516, '2026-02': 0.03535273803912564, '2026-03': -0.0661807388314577, '2026-04': 0.3050483728312605, '2026-05': 0.18496923241931662, '2026-06': 0.0435226504284405, '2026-07': -0.10177762987141925, '2026-08': 0.004319469656443475, '2026-09': -0.012528464589003807}","{'2023': -0.011888947863184729, '2024': 0.2731337547782986, '2025': 0.26658129932632435, '2026': 0.563350195564293}",887.6614440871554,2853.9781630887933,daily_mark_to_market_equity,L10__SPXL_SOXL__primary,b,SPXL_SOXL,L10,primary,base,0,sha256:acd49d7f6e3e633cb9e24e4f31a698d59c7e8a2578e14056df443689e9c014bb,continuous,,False,L10__SPXL_SOXL__primary/base/continuous,0.5255358882589978,1.026380814542726,0.7097085939931621,-0.4518169542436085,0.7117413484898095,3.1413846386697917,0.7334198022202677,1.1940943001111484,0.6130535258578877,-0.3439423582264067,0.9294188203294536,3.629337902759413,0.5230715499526976,1.0382908095222905,0.7120031612043045,-0.4550111608489754,0.7072568583745092,3.1383289389566613,-1.405798491658812,0.638519313078973,0.8022231223660025,-5.008460449658405,-1.169201883322031,0.4782963591370487,-0.8376843812709744,0.6006693616872094,0.8063009778996395,-4.1644076978872375,-0.5793542691879716,0.9018345449224744,-0.6267860921192351,3.820568619366027,-0.5136924593699808,4.216553666883215,-0.6295890012457576,3.8159015043715905,-6.0272631174931055,0.7673226011763993,-5.115581093795908,1.2382640123499018,1.4285780250456073,0.26367793082595326,COMPLETE,BLOCKED_EXECUTION_AUDIT,execution_protocol_audit_incomplete,1.103356354782381,0.29756322321844486,evaluation_index,False,True,1465.0339628363174,20.792929258982017
OK,2023-09-19,2026-09-18,1000.0,2390.3657858674046,1390.3657858674046,1390.3657858674046,0.0,1.3903657858674046,0.3373380316235146,0.3891562522012419,2024-07-10,2025-05-30,381,0.3951376664830444,0.9373253122384494,1.3146927473376142,0.8668446921137196,19705.0052039208,20.406403695977865,19.706403695977865,0.7000000000000001,12.28005872438199,1378.0857261195636,1.023458655573744e-06,67,70,70,0.8857142857142857,0.5594303723146572,4.335585385438593,521.1571428571428,563.5,441,312,0.0829131500100224,-0.118980928614101,0.4063572267664203,0.5936427732335796,1.219071680299261,0.4498739661245667,-0.1503289394501693,"{'2023-09': -0.0767419827816197, '2023-10': 0.0012591651115816394, '2023-11': 0.01408342786866612, '2023-12': 0.09804608004870818, '2024-01': 0.023489257519272666, '2024-02': 0.1664350344588208, '2024-03': 0.053488656537651114, '2024-04': -0.07828567968076716, '2024-05': 0.11302408659971186, '2024-06': 0.07639747198933944, '2024-07': -0.08510807638541684, '2024-08': -0.13404631854967264, '2024-09': -0.0706661995789738, '2024-10': -0.07432059963860604, '2024-11': 0.11001036745760406, '2024-12': -0.001348263501610325, '2025-01': 0.03678039198999605, '2025-02': -0.06967397126554109, '2025-03': -0.05908445339181001, '2025-04': -2.4688444622000816e-09, '2025-05': -0.0066666488891546916, '2025-06': 0.06748440688040991, '2025-07': -0.025727164096341015, '2025-08': 0.021332955775798412, '2025-09': 0.20568600006557602, '2025-10': 0.19600529462591787, '2025-11': -0.06258623854786483, '2025-12': 0.012601353761691358, '2026-01': 0.1552123183338452, '2026-02': 0.005437131408731144, '2026-03': -0.09893549331281981, '2026-04': 0.44987396612456676, '2026-05': 0.2639664540024451, '2026-06': 0.049689839756464016, '2026-07': -0.15032893945016934, '2026-08': 0.008227555850947255, '2026-09': -0.02097827831296528}","{'2023': 0.02935183596339752, '2024': 0.0492649368040281, '2025': 0.3107330058705511, '2026': 0.6885002316044253}",898.8526568983801,2941.455216853506,daily_mark_to_market_equity,L02__TQQQ_SOXL__primary,b,TQQQ_SOXL,L02,primary,base,0,sha256:acd49d7f6e3e633cb9e24e4f31a698d59c7e8a2578e14056df443689e9c014bb,continuous,,False,L02__TQQQ_SOXL__primary/base/continuous,0.4249280237112646,1.3809449455228378,0.703754130233969,-0.8036303255291268,0.6609973220813283,4.785744926621856,0.6328119376725344,1.5452536088030806,0.5846993201959522,-0.6966968613350902,0.8483217397070196,5.337496217240366,0.4224636854049642,1.3976093298749903,0.7063529386316656,-0.8052744715007384,0.6571880820836269,4.784040870122539,-1.5064063562065453,0.867355237839039,0.803139889069985,-4.309216981975862,-1.191310672594762,1.1861430429781377,-0.9382922458187076,0.8143506427184354,0.805649612702413,-3.528154047278241,-0.6309285613243738,1.7597892200850298,-0.9861677809755732,6.451869616418022,-0.915210870972334,7.071288426546232,-0.991981741681384,6.447545418221983,-5.2897345716905875,1.8107420267117744,-4.333939516105683,2.41329247285836,1.41866304083273,0.3891623846859704,COMPLETE,BLOCKED_EXECUTION_AUDIT,execution_protocol_audit_incomplete,1.1096238935852423,0.4126343315238101,evaluation_index,False,True,1372.0103343340731,14.362140510760025
OK,2023-09-19,2026-09-18,1000.0,2218.913950481506,1218.9139504815062,1218.9139504815062,0.0,1.218913950481506,0.3045453497955259,0.4089747760673193,2024-07-10,2025-05-30,441,0.3809579360473697,0.8924529282290709,1.238872817786827,0.7446555817549887,27585.721062518824,28.70695015946561,27.58695015946561,1.12,18.523879823972,1200.390069634079,1.0234555676345207e-06,102,112,112,0.875,0.4412638302285341,3.088846811599739,354.44642857142856,223.5,381,268,0.0888034319029311,-0.1325029727835411,0.4929697742008592,0.5070302257991408,1.4789093226025776,0.4310377210378509,-0.1390361365572419,"{'2023-09': -0.055628376361740006, '2023-10': 0.0008558876774868995, '2023-11': 0.010829796004995229, '2023-12': 0.12965453956281792, '2024-01': 0.029058830650709577, '2024-02': 0.16118337212513456, '2024-03': 0.03941389411240026, '2024-04': -0.0969469056938389, '2024-05': 0.13245481104373646, '2024-06': 0.12015695223361433, '2024-07': -0.0825640449131314, '2024-08': -0.13764596089662207, '2024-09': -0.06861012145003786, '2024-10': -0.07840421613696746, '2024-11': 0.08282827753322741, '2024-12': 0.04020025745999756, '2025-01': -0.02215733248909446, '2025-02': -0.05663907951986169, '2025-03': -0.047954447447703274, '2025-04': 0.0, '2025-05': -0.006666665719966214, '2025-06': 0.06631348052701114, '2025-07': -0.0013140107188228667, '2025-08': 0.014071326154910357, '2025-09': 0.20636633345417654, '2025-10': 0.1662713389978181, '2025-11': -0.06671083797769817, '2025-12': -0.002891689715554868, '2026-01': 0.09820021191093709, '2026-02': -0.01944905427083843, '2026-03': -0.10163776061345497, '2026-04': 0.4310377210378509, '2026-05': 0.2572108292843034, '2026-06': 0.019630887034767897, '2026-07': -0.1390361365572419, '2026-08': 0.023877566367993763, '2026-09': -0.02097859375005251}","{'2023': 0.0792900274173518, '2024': 0.08830962996836855, '2025': 0.23344370478116794, '2026': 0.5315475734093711}",927.33990655826,2649.5604486990724,daily_mark_to_market_equity,L04__TQQQ_SOXL__primary,b,TQQQ_SOXL,L04,primary,base,0,sha256:acd49d7f6e3e633cb9e24e4f31a698d59c7e8a2578e14056df443689e9c014bb,continuous,,False,L04__TQQQ_SOXL__primary/base/continuous,0.2534761883253661,1.3991075320605673,0.7395492349020739,-0.8234544079363296,0.3961808158312461,3.840514378643943,0.461360102286636,1.5840563757313746,0.6216914030330697,-0.774575719944184,0.6012272624727404,4.432904976996944,0.2510118500190658,1.4160293008764275,0.7423002566935468,-0.8275466036916768,0.3948606914832853,3.832468059120567,-1.6778581915924438,0.8407742441419286,0.8075045826923419,-4.708995686572719,-1.4234833837307974,0.433290409806217,-1.1097440812046062,0.7802493605682662,0.8006442448358065,-4.011668222828116,-0.8319356403972717,0.9965819809361108,-1.0516628150690717,5.172917256730738,-0.9258743174727349,5.901234649562815,-1.0542649726724025,5.168363069654468,-5.791126981289579,0.8812246622603207,-5.10195528325057,1.4908504017430602,1.216687682134852,0.4089907394246457,COMPLETE,BLOCKED_EXECUTION_AUDIT,execution_protocol_audit_incomplete,0.9725068615977406,0.42675442379481665,evaluation_index,False,True,1380.8654532406483,19.977124489413498
OK,2023-09-19,2026-09-18,1000.0,2116.721377597265,1116.7213775972646,1116.7213775972646,0.0,1.1167213775972646,0.2841889177983996,0.2909619383800734,2024-07-10,2024-10-31,326,0.2922853354145459,1.0054219922113992,1.4394075431181164,0.9767219705113922,29590.53611404433,30.80167404855352,29.59167404855352,1.21,9.588540976818004,1107.1328366204475,-7.119196650726986e-15,103,121,121,0.7520661157024794,1.0474383224856676,3.177229578206525,524.0661157024794,567.0,361,280,0.0669382622531138,-0.083494307160329,0.3030113558139799,0.69698864418602,0.9090340674419396,0.3050432233600473,-0.1060616567767273,"{'2023-09': -0.05503246714111443, '2023-10': -0.009808205320895325, '2023-11': 0.0005342509215473523, '2023-12': 0.11563718304907322, '2024-01': 0.02155259573225088, '2024-02': 0.11782169211860993, '2024-03': 0.04626560582236339, '2024-04': -0.0647957844612067, '2024-05': 0.0780452040803492, '2024-06': 0.06017600018067082, '2024-07': -0.07227585914333257, '2024-08': -0.08704412493537128, '2024-09': -0.047713571459174875, '2024-10': -0.05062737608432155, '2024-11': 0.08793460606501924, '2024-12': 0.013322547198878487, '2025-01': 0.031313882447729036, '2025-02': -0.052595707971384575, '2025-03': -0.03904008564921446, '2025-04': 0.0, '2025-05': -0.004666664658860231, '2025-06': 0.046780220758003255, '2025-07': -0.010593748048687956, '2025-08': 0.031194330209588728, '2025-09': 0.139302982176277, '2025-10': 0.13584258050185705, '2025-11': -0.04600006332013984, '2025-12': -0.004161069684049279, '2026-01': 0.12193573530349333, '2026-02': 0.030512379730040395, '2026-03': -0.06589734487800503, '2026-04': 0.3050432233600473, '2026-05': 0.1849669713064881, '2026-06': 0.042518346011084285, '2026-07': -0.1060616567767273, '2026-08': 0.0019748035789497465, '2026-09': -0.017591878498447122}","{'2023': 0.044458409979156066, '2024': 0.07800320578334752, '2025': 0.22705924931207933, '2026': 0.5320994581291163}",920.3660208337257,2459.019919172325,daily_mark_to_market_equity,L10__TQQQ_SOXL__primary,b,TQQQ_SOXL,L10,primary,base,0,sha256:acd49d7f6e3e633cb9e24e4f31a698d59c7e8a2578e14056df443689e9c014bb,continuous,,False,L10__TQQQ_SOXL__primary/base/continuous,0.1512836154411245,1.021131439825769,0.7035057383084073,-0.784305790520286,0.2655641733558213,2.2749927973313153,0.3591675294023944,1.1509357706780166,0.5887424010825043,-0.6032257155267984,0.4599474323211608,2.733741807840332,0.1488192771348242,1.032994408496475,0.7057897390871373,-0.788936667455203,0.2625607717063987,2.2672410469458537,-1.7800507644766854,0.6399842096736371,0.8011334289101675,-5.697715792691407,-1.637980258038088,-0.0099829236911294,-1.2119366540888477,0.6016504398392839,0.8046748024391884,-4.7943929087164285,-1.0282747136307946,0.4035153128102188,-0.983033864040104,2.8792888332157145,-0.8052674675971637,3.437302850345733,-0.9857494182971512,2.8806500858864057,-7.006050820305278,0.2282658995847602,-6.007859103859754,0.6192653662353056,1.1327741014458028,0.29097224567890145,COMPLETE,BLOCKED_EXECUTION_AUDIT,execution_protocol_audit_incomplete,0.9100496117965828,0.3025165299654442,evaluation_index,False,True,1332.267081744218,22.210663702134028
OK,2023-09-19,2026-09-18,1000.0,2162.1009297430833,1162.1009297430833,1162.1009297430833,0.0,1.162100929743083,0.293307442781433,0.1612835218745447,2024-06-18,2025-04-08,315,0.206602013695857,1.352996334979902,1.9773506242101029,1.8185828246582056,70808.9182945055,36.03447169026798,35.404471690267975,0.6300000000000001,11.199785538349996,1098.8307480386527,52.07039616607796,71,63,63,0.6190476190476191,1.818829975612483,2.955598710370285,239.04761904761904,59.0,411,323,0.0598113264884097,-0.0715892058073043,0.5511732244245012,0.4488267755754987,,0.1835622166376775,-0.0893383496836188,"{'2023-09': 0.00532278295964983, '2023-10': -0.022478127189212715, '2023-11': 0.06143764195009438, '2023-12': 0.05681129328510082, '2024-01': 0.030470021660839786, '2024-02': 0.10105766923557846, '2024-03': 0.04228304250331827, '2024-04': -0.05190355467252772, '2024-05': 0.08419708342359833, '2024-06': 0.06225011345146769, '2024-07': -0.08933834968361887, '2024-08': 0.03998358552659287, '2024-09': -0.024197975964629914, '2024-10': -0.004455815841570954, '2024-11': 0.002412138551601828, '2024-12': 0.014551034505111193, '2025-01': -0.008894377541376564, '2025-02': -0.02635020265403476, '2025-03': -0.032181481200861506, '2025-04': 2.1223587332031e-09, '2025-05': 3.7277936515422994e-08, '2025-06': 0.08450508317494188, '2025-07': 0.03648915421360788, '2025-08': -0.003102281517797345, '2025-09': 0.08285942529497947, '2025-10': 0.08213570008924642, '2025-11': -0.05613807695390394, '2025-12': 0.024875321330964928, '2026-01': 0.08593364595903696, '2026-02': -0.011708827340089933, '2026-03': -0.04454074821578158, '2026-04': 0.18356221663767758, '2026-05': 0.13419526898043954, '2026-06': 0.026947673945626693, '2026-07': -0.07069590635045042, '2026-08': 0.015100549783808148, '2026-09': 0.026162000150553588}","{'2023': 0.10236125168968035, '2024': 0.20821616303585344, '2025': 0.1863065447700376, '2026': 0.36839177985028915}",963.81153646063,2283.681931883052,daily_mark_to_market_equity,A09__QQQM_SMH__primary,a,QQQM_SMH,A09,primary,base,0,sha256:acd49d7f6e3e633cb9e24e4f31a698d59c7e8a2578e14056df443689e9c014bb,continuous,,False,A09__QQQM_SMH__primary/base/continuous,0.1966631675869432,0.7157974259588962,0.6976676806150871,-0.7166925905580248,0.1086963458988975,1.0797336819537044,0.4045470815482131,0.7699183377215345,0.5571746727347634,-0.4568518845387577,0.2823501387202378,1.450159550280411,0.1941988292806429,0.7235584110893939,0.699396479863567,-0.719553744673875,0.1058570409472244,1.0735910019756345,-1.7346712123308667,0.4648510184609303,0.8232312694504009,-6.310262285954708,-1.8665036933330863,-0.2034433760487397,-1.166557101943029,0.4316250530988946,0.816686326800874,-5.544751729621119,-1.2535976337471548,0.2220822328798045,-0.9413326446914309,1.3223564604174154,-0.5874637743944954,1.8061472476401463,-0.9460763415021354,1.321783713234386,-8.027034603482694,-0.0121722130337833,-7.0221472928123045,0.3701380169970094,1.0801223902424497,0.16612628958638453,COMPLETE,BLOCKED_EXECUTION_AUDIT,execution_protocol_audit_incomplete,0.8101955261365692,0.1852250252568095,evaluation_index,False,True,1451.1377818129863,48.79544808353072
OK,2023-09-19,2026-09-18,1000.0,2052.642598369519,1052.642598369519,1052.642598369519,0.0,1.052642598369519,0.2710883851135566,0.3326152747889243,2024-07-10,2025-05-23,296,0.423717381502587,0.7813491397085304,1.092791116218899,0.8150208534036439,53881.69098564192,54.43160590751204,53.881605907512046,0.55,24.72862596203,821.2763637477979,206.63760865969,62,55,55,0.3818181818181818,2.277776949828089,1.406862233717349,116.16363636363636,8.0,400,300,0.0977533458881843,-0.1332699410688953,0.7049488074531314,0.2950511925468686,2.114846422359394,0.2548487789582585,-0.1833611438555905,"{'2023-09': -0.07515335435020032, '2023-10': -0.04151625221243338, '2023-11': 0.059664570736688294, '2023-12': 0.20105463299262993, '2024-01': 0.029074562170595453, '2024-02': 0.22569278948474536, '2024-03': 0.08821283338494479, '2024-04': -0.17303855512888688, '2024-05': 0.15093312004754122, '2024-06': 0.11524596099825146, '2024-07': -0.010514379225551651, '2024-08': 0.06896398917001956, '2024-09': 0.00018344880542642272, '2024-10': -0.050206159871033273, '2024-11': 0.056735026441508074, '2024-12': -0.02136566205926882, '2025-01': -0.04666910534460589, '2025-02': -0.08495492431975449, '2025-03': -0.13176730352528865, '2025-04': -0.002049326668980167, '2025-05': -0.0011578261881741714, '2025-06': 0.24284440865330392, '2025-07': 0.03017064110071188, '2025-08': 0.04529541126455294, '2025-09': 0.1923914662994599, '2025-10': 0.08574191657436403, '2025-11': -0.13226895768777813, '2025-12': -0.03893807863394039, '2026-01': 0.1035420490211163, '2026-02': -0.05206524576624838, '2026-03': -0.18336114385559055, '2026-04': 0.2461726086486773, '2026-05': 0.2548487789582585, '2026-06': 0.030006792457688336, '2026-07': -0.1717658609740298, '2026-08': 0.015690752267243147, '2026-09': -0.048268673991921696}","{'2023': 0.12819885876646864, '2024': 0.5139671566053401, '2025': 0.0908754871961528, '2026': 0.10163073663066613}",883.07745928002,2563.801204797918,daily_mark_to_market_equity,L09__SPXL_SOXL__primary,b,SPXL_SOXL,L09,primary,base,0,sha256:acd49d7f6e3e633cb9e24e4f31a698d59c7e8a2578e14056df443689e9c014bb,continuous,,False,L09__SPXL_SOXL__primary/base/continuous,0.0872048362133789,1.4458639849826307,0.687138342408111,-0.957828407916263,0.3032048139998595,4.403771181721217,0.2950887501746488,1.7474938084070153,0.6166242767006809,-0.8151831969716011,0.4894552774350154,4.9858779586704385,0.0847404979070786,1.464266629712686,0.6901258279212715,-0.9637674417513667,0.2986575939323893,4.405726962509342,-1.844129543704431,0.854234106760219,0.7376379449012863,-4.7994241453403115,-1.4381157248523286,0.7543750231054718,-1.2760154333165934,0.7878566683418046,0.7268656161783056,-4.335119156290128,-0.8610406976889313,1.5724792713922422,-1.167138138564529,6.230863581867031,-0.960851964253869,6.874733772021871,-1.1670531137261322,6.229604968345611,-6.016419610308379,1.832942885946247,-5.6348591303317015,2.551717117941492,1.0510097681508719,0.3503846052531576,COMPLETE,BLOCKED_EXECUTION_AUDIT,execution_protocol_audit_incomplete,1.235648086133474,0.29920755240823227,evaluation_index,False,True,1662.597037392702,32.40814808027062
OK,2023-09-19,2026-09-18,1000.0,2080.5090881037277,1080.5090881037277,1080.5090881037277,0.0,1.0805090881037276,0.2768185409669892,0.2237885839360061,2024-07-10,2025-03-07,301,0.2150962093558575,1.2482677269054636,1.758571911839988,1.2369645318732942,25576.32960681273,13.218259686613552,12.788259686613552,0.43,15.35730462034,1015.0523070246664,50.09947645872036,41,43,43,0.6976744186046512,3.3618037194969355,7.758008583454466,488.1860465116279,469.0,422,292,0.0502500730221988,-0.0710302077565613,0.7985512804731528,0.2014487195268471,,0.1568375409040763,-0.0967377932790537,"{'2023-09': -0.01846338123296498, '2023-10': -0.02170936778337107, '2023-11': 0.08331785713288054, '2023-12': 0.07562675181357492, '2024-01': 0.040644423558738874, '2024-02': 0.09753201634435893, '2024-03': 0.03895806847396366, '2024-04': -0.05989946731156459, '2024-05': 0.08625498500345574, '2024-06': 0.07301482764460276, '2024-07': -0.041764310703748975, '2024-08': -0.03843321188124782, '2024-09': -0.0107366448616526, '2024-10': -0.012034433783863263, '2024-11': 0.020259178407933343, '2024-12': -0.02980610325069466, '2025-01': -0.04140334354309361, '2025-02': -0.021548040868373475, '2025-03': -0.011540014956180178, '2025-04': 0.0, '2025-05': 0.04076502544794458, '2025-06': 0.11189258076157294, '2025-07': 0.029681000580657146, '2025-08': 0.007259769753602763, '2025-09': 0.0804492675002415, '2025-10': 0.07935372429835663, '2025-11': -0.03543656666188144, '2025-12': 0.004490877333308774, '2026-01': 0.06117393503540014, '2026-02': -0.006997235355555298, '2026-03': -0.035492161063572336, '2026-04': 0.1568375409040763, '2026-05': 0.14302765869086986, '2026-06': 0.048798040134578, '2026-07': -0.09673779327905374, '2026-08': 0.012242820941773758, '2026-09': -0.009915511434049562}","{'2023': 0.11890160957199969, '2024': 0.15905477321369688, '2025': 0.2573007769257132, '2026': 0.27595269899566643}",954.1846267970952,2326.3150199565816,daily_mark_to_market_equity,A02__QQQM_SMH__primary,a,QQQM_SMH,A02,primary,base,0,sha256:acd49d7f6e3e633cb9e24e4f31a698d59c7e8a2578e14056df443689e9c014bb,continuous,,False,A02__QQQM_SMH__primary/base/continuous,0.1150713259475876,0.8202171320509226,0.7678724781441008,-0.5944326393320436,0.1365659096145943,1.0540634698844982,0.3229552399088575,0.90010861906123,0.6256672410623756,-0.4103203980943434,0.301887706802318,1.5002292843585356,0.1126069876412873,0.8297757898571326,0.7703931248574362,-0.5974813434141512,0.1341881808793107,1.0454575218595163,-1.8162630539702225,0.509383871824231,0.8664730410226261,-6.110455850000214,-1.809038551489638,-0.2655244615492039,-1.2481489435823847,0.4677624350694511,0.8501112720465895,-5.4906452419560505,-1.2247636926111911,0.1671723835699132,-0.8081567122940814,1.2587541200601169,-0.5192298080650241,1.8049842438426815,-0.805962195862407,1.2502701136026966,-7.815596521714197,-0.0580544753967729,-6.862826659939214,0.3003737440363384,1.0328839337287676,0.2407165808486994,COMPLETE,BLOCKED_EXECUTION_AUDIT,execution_protocol_audit_incomplete,1.0107106286977494,0.21826317977130427,evaluation_index,False,True,1467.128451703976,17.432917736076522
OK,2023-09-19,2026-09-18,1000.0,1166.8907609556702,166.8907609556702,166.8907609556702,0.0,0.1668907609556702,0.0528310972379792,0.0964944521502444,2025-02-19,2025-05-23,397,0.0884293334959179,0.628447242613868,0.8709189892427669,0.5475039866097159,6412.55483267567,3.2463132579497302,3.20631325794973,0.04,3.42889755362,150.64995063853036,12.81191276352,5,4,4,1.0,,,140.75,120.0,416,289,0.0267416271707734,-0.0355578797114498,0.2522868404896472,0.7477131595103528,,0.0923542012118296,-0.0414630499903958,"{'2023-09': -0.02982157195027979, '2023-10': -0.020689399701815825, '2023-11': 0.09235420121182969, '2023-12': 0.0008835362869454855, '2024-01': 0.000629204205132794, '2024-02': 0.0014908479222057736, '2024-03': 0.0007443143016734322, '2024-04': -0.0006217018204256464, '2024-05': 0.0015061392172921462, '2024-06': 0.0011522673659187799, '2024-07': -0.0007803859295272275, '2024-08': -0.00020108780364436196, '2024-09': 0.06273169144209678, '2024-10': -0.008449269106959867, '2024-11': 0.05286158440981015, '2024-12': 0.004518725167281357, '2025-01': 0.02126680714187934, '2025-02': -0.026282207813961733, '2025-03': -0.04146304999039585, '2025-04': 0.0, '2025-05': 0.018913984208182244, '2025-06': 0.0231157517063032, '2025-07': 0.00034920668557925083, '2025-08': 5.324424465524835e-05, '2025-09': 0.0012717997705489203, '2025-10': 0.0012909608617983626, '2025-11': -0.00037771532090247195, '2025-12': 0.0003150470599346811, '2026-01': 0.0015239695084672267, '2026-02': 0.00010219254853160997, '2026-03': -0.000806571471236972, '2026-04': 0.004333769497145479, '2026-05': 0.0032265043051007414, '2026-06': 0.0019866676054092203, '2026-07': -0.004015582326326483, '2026-08': 0.000562686659663969, '2026-09': 0.0005718012748454626}","{'2023': 0.03876928136834912, '2024': 0.11884120801120535, '2025': -0.003440481386889682, '2026': 0.007486900283118159}",930.09877964972,1225.6427959611,daily_mark_to_market_equity,A01__QQQM_SMH__primary,a,QQQM_SMH,A01,primary,base,0,sha256:acd49d7f6e3e633cb9e24e4f31a698d59c7e8a2578e14056df443689e9c014bb,continuous,,False,A01__QQQM_SMH__primary/base/continuous,-0.7985470012004698,0.2070081487484849,0.4713940673478651,-1.9705230176391209,-0.8385156921413529,-0.1530357614299975,-0.5906630872391999,0.2558160027782237,0.4325263896027276,-1.314495195170229,-0.656669492481557,-0.1802080136433421,-0.8010113395067702,0.2100286393323072,0.4743146764775237,-1.975767566334599,-0.8429850516536748,-0.1567279734817218,-2.72988138111828,0.0974192724667652,0.4030799089521804,-8.238436565470767,-2.826550183931972,-0.5769419905162729,-2.161767270730442,0.08278959853209,0.3659844343447577,-7.565243966973579,-2.229001807250237,-0.178457086682517,-2.284416818036706,-0.0500734434738337,-1.4909663536351287,-0.0968637721380338,-2.292841331521496,-0.0542794006581693,-10.337920320266935,-0.285259706559329,-9.293720947795997,0.0440498357980619,1.015613335579935,0.2463461457566839,COMPLETE,BLOCKED_EXECUTION_AUDIT,execution_protocol_audit_incomplete,1.3170341057839123,0.2465104056386488,evaluation_index,False,True,1113.1853407777764,5.760545524427454
OK,2023-09-19,2026-09-18,1000.0,1968.298217033785,968.298217033785,968.298217033785,0.0,0.968298217033785,0.2534223768880972,0.4328427355954092,2024-07-10,2025-05-23,309,0.5006360304100036,0.7055639171611862,0.9716108923389128,0.5854837243358025,57111.61354664013,57.72181194983278,57.11181194983278,0.61,29.620742557617,968.1847963888796,-29.50732191271147,67,61,61,0.4590163934426229,1.7385973244596686,1.4751734874203248,171.5737704918033,8.0,401,296,0.1148425302587272,-0.1431042867838747,0.7064416533118906,0.2935583466881094,2.1193249599356716,0.3447963456606451,-0.275693778484387,"{'2023-09': -0.06778306381421972, '2023-10': -0.06773132104809465, '2023-11': 0.12392035534712353, '2023-12': 0.21588907636069843, '2024-01': 0.03063048154358672, '2024-02': 0.22185387755201336, '2024-03': 0.05247402464265538, '2024-04': -0.1865183237760285, '2024-05': 0.1787293563910599, '2024-06': 0.1675348338766549, '2024-07': -0.06419796453789273, '2024-08': 0.029116615080090114, '2024-09': -0.028433904898147788, '2024-10': -0.06625183616496799, '2024-11': 0.04407816895709149, '2024-12': 0.03272025233179221, '2025-01': -0.05855793175093471, '2025-02': -0.11707366140606335, '2025-03': -0.13001623602433776, '2025-04': 0.0, '2025-05': 0.003613142620734644, '2025-06': 0.26985563602762297, '2025-07': 0.03234643979854224, '2025-08': 0.024306861299203453, '2025-09': 0.2259007533813866, '2025-10': 0.12293900746385744, '2025-11': -0.16308495334445205, '2025-12': -0.0532041600055112, '2026-01': 0.09677165594816617, '2026-02': -0.07714900207233011, '2026-03': -0.1523539960199214, '2026-04': 0.2887243373516659, '2026-05': 0.3447963456606451, '2026-06': 0.030805491681042074, '2026-07': -0.27569377848438703, '2026-08': 0.04724245065153143, '2026-09': -0.04061735331197358}","{'2023': 0.1876475467169585, '2024': 0.39775726344312545, '2025': 0.06305235787823493, '2026': 0.11536473801148461}",851.4664795476301,2704.76530189443,daily_mark_to_market_equity,L09__TQQQ_SOXL__primary,b,TQQQ_SOXL,L09,primary,base,0,sha256:acd49d7f6e3e633cb9e24e4f31a698d59c7e8a2578e14056df443689e9c014bb,continuous,,False,L09__TQQQ_SOXL__primary/base/continuous,0.0028604548776449,1.8113152340821868,0.7285593903589032,-1.093098547169919,0.1557061543879117,5.6831437433756715,0.2107443688389148,2.0602747108005324,0.6152962703958332,-1.0123589220281224,0.3306849732064142,6.385977614283334,0.0003961165713446,1.8354361746271928,0.7321525521823729,-1.097739902948403,0.1543347986642121,5.683220230051411,-1.9284739250401648,1.0695120495491286,0.7816389653446005,-4.560996860166581,-1.5088332358267125,1.2420851834168591,-1.3603598146523272,0.9798223271291538,0.7650827657347241,-3.997888657761114,-0.9357907722501336,2.1196160762428473,-1.228622368211037,8.26038465647193,-1.1352767934696737,8.817238915959935,-1.2314794411028382,8.257293549124872,-5.778457726160208,3.0075618658340706,-5.071080888858412,3.8414573562226506,0.8972562996444695,0.45277744002517617,COMPLETE,BLOCKED_EXECUTION_AUDIT,execution_protocol_audit_incomplete,1.1604272867067338,0.3613276705318522,evaluation_index,False,True,1627.3528877241506,35.09479350020425
OK,2023-09-19,2026-09-18,1000.0,2175.0803581441264,1175.0803581441264,1175.0803581441264,0.0,1.1750803581441265,0.2958920274200283,0.3935817612764206,2024-06-18,2024-09-18,342,0.4444309331681058,0.809194391625018,1.1463359548550949,0.7517930364974844,49780.37051881805,50.52157711626845,49.78157711626845,0.74,19.004358637394997,1156.076010165915,-1.0659184431490614e-05,71,74,74,0.7567567567567568,0.6021556107428887,1.873373011200098,158.3918918918919,108.5,404,309,0.1070366031378955,-0.1484589939517174,0.4950990630960187,0.5049009369039813,1.485297189288056,0.4866688579658658,-0.2214056904277824,"{'2023-09': -0.08082009770366494, '2023-10': -0.0069227176601701634, '2023-11': 0.1290441326443379, '2023-12': 0.0757967235547754, '2024-01': -0.08500412475529706, '2024-02': 0.21133620296205935, '2024-03': 0.01389214491114199, '2024-04': -0.13075261525766946, '2024-05': 0.14220995275821968, '2024-06': 0.0878229989819066, '2024-07': -0.12555541356794153, '2024-08': -0.14047290463357387, '2024-09': -0.03823860087848885, '2024-10': -0.039988006476618154, '2024-11': 0.13635748923133573, '2024-12': -0.0045204049638791766, '2025-01': 0.04345230144941148, '2025-02': -0.12684050319595075, '2025-03': -1.8101208865139995e-08, '2025-04': -2.51430576359013e-09, '2025-05': 0.02050558162522398, '2025-06': 0.08471764032245543, '2025-07': 0.017443708061648744, '2025-08': -0.017467800619933804, '2025-09': 0.12035867495172803, '2025-10': 0.24489003360217287, '2025-11': -0.11909936065514881, '2025-12': -0.04456230730003552, '2026-01': 0.19636910778450622, '2026-02': 0.006490079138527838, '2026-03': -0.09459611549275915, '2026-04': 0.4866688579658658, '2026-05': 0.3293539496340925, '2026-06': 0.06155745879330743, '2026-07': -0.22140569042778246, '2026-08': 0.00515708321434194, '2026-09': -0.0281240412339544}","{'2023': 0.10872720121921486, '2024': -0.04718986411664916, '2025': 0.18351239579585021, '2026': 0.739688227436808}",904.0232913448152,2975.0867603120105,daily_mark_to_market_equity,L08__TQQQ_SOXL__primary,b,TQQQ_SOXL,L08,primary,base,0,sha256:acd49d7f6e3e633cb9e24e4f31a698d59c7e8a2578e14056df443689e9c014bb,continuous,,False,L08__TQQQ_SOXL__primary/base/continuous,0.2096425959879864,1.5007317381614358,0.6799732233378611,-0.931955962268646,0.3661718465003927,5.032462070113606,0.4175265099492563,1.662928938257504,0.5594363286280284,-0.8983885606997236,0.5729227175666283,5.6631132737089995,0.2071782576816861,1.519136131256723,0.6826165445898921,-0.9364922399435331,0.3609455137273316,5.031214770512705,-1.7216917839298236,0.9225153755339656,0.7594723301873493,-4.4743979065646915,-1.3923224964081606,1.2540725949333869,-1.1535776735419858,0.861928572738711,0.758141357711541,-3.5746431858991174,-0.8424160938030685,1.6854189950192224,-1.1253033677428643,6.915065038419945,-1.0304086065689293,7.745997160401464,-1.1283853210666286,6.914607826838871,-5.255182513964015,2.202967343092851,-4.458346415027002,2.7996972071471875,0.8960539669742222,0.42188981910880485,COMPLETE,BLOCKED_EXECUTION_AUDIT,delayed_execution_gate_failed;execution_protocol_audit_incomplete,0.40496104571961444,0.5126088463906506,evaluation_index,False,False,1321.1614010934582,37.67924984609554
OK,2023-09-19,2026-09-18,1000.0,1667.9584689574197,667.9584689574197,667.9584689574197,0.0,0.6679584689574196,0.1860758725979994,0.2745638754120596,2024-07-10,2025-05-30,378,0.2028137765835389,0.9460585078672928,1.3319593276579276,0.6777143290199437,25119.39468261396,12.84986504929108,12.559865049291078,0.29,9.975818931709998,657.9825642240949,8.580161421357987e-05,30,29,29,0.5172413793103449,4.104816656765868,4.398017846534858,370.6551724137931,350.0,420,304,0.0503623770087378,-0.0655966996782579,0.6386186369277961,0.3613813630722039,,0.148086754618153,-0.1206172210906905,"{'2023-09': -0.01491078597513984, '2023-10': 0.00034115675753576546, '2023-11': 0.0047162283553165985, '2023-12': 0.05541537387835338, '2024-01': 0.03614922272506482, '2024-02': 0.08526103071510072, '2024-03': 0.036424639990402685, '2024-04': -0.04279460398048418, '2024-05': 0.08392381836771401, '2024-06': 0.0632252262616908, '2024-07': -0.041119901389027325, '2024-08': -0.049337377452136066, '2024-09': -0.018062880413507676, '2024-10': -0.03233509287081604, '2024-11': 0.02179899472699387, '2024-12': -0.027360825132516142, '2025-01': -0.04421258834178732, '2025-02': -0.03840429164378467, '2025-03': -0.015703628303889605, '2025-04': -1.8161139259120773e-10, '2025-05': -0.012989996350779354, '2025-06': 0.09594329347830599, '2025-07': 0.024290541352051553, '2025-08': 0.0030288142564953713, '2025-09': 0.09089746867325577, '2025-10': 0.07742246943723763, '2025-11': -0.02044273431016863, '2025-12': 0.012518960805175894, '2026-01': 0.07048665981076052, '2026-02': -0.0011820218970346463, '2026-03': -0.05977853153770307, '2026-04': 0.14808675461815302, '2026-05': 0.1262220863032113, '2026-06': 0.05474870080161187, '2026-07': -0.12061722109069051, '2026-08': 0.02663094615910966, '2026-09': -0.00576748481260958}","{'2023': 0.04493802750033504, '2024': 0.10672580301710655, '2025': 0.17200340550471926, '2026': 0.23062515815100038}",978.7811956289056,1881.7782758833464,daily_mark_to_market_equity,A07__QQQM_SMH__primary,a,QQQM_SMH,A07,primary,base,0,sha256:acd49d7f6e3e633cb9e24e4f31a698d59c7e8a2578e14056df443689e9c014bb,continuous,,False,A07__QQQM_SMH__primary/base/continuous,-0.2974792931987203,0.7305394706820825,0.7253360387304796,-1.156777766221366,-0.2851080149955819,0.4654102055121763,-0.0895953792374505,0.7868297713688093,0.5800488699705196,-0.8382123736402609,-0.1151529627389738,0.793572873593378,-0.2999436315050207,0.7383690021505305,0.7270435063480284,-1.162821915882505,-0.2869322101332084,0.4649762481223553,-2.2288136731165307,0.4640014577915094,0.8370752755556573,-7.130299014858866,-2.2710582616550448,-0.496290611294776,-1.660699562728693,0.4299536818995662,0.8287192179351601,-6.260930541238594,-1.6878089190411818,-0.0886231119217193,-1.3838274893426357,0.606578787895788,-0.9815198751301476,1.0042278190606622,-1.3892934726663866,0.603590359991116,-8.778524735218857,-0.3223199459194159,-7.927394793531737,0.0438576243902824,0.6628073462936415,0.26334643945036085,COMPLETE,BLOCKED_EXECUTION_AUDIT,execution_protocol_audit_incomplete,0.5148368907618901,0.28063473485005863,evaluation_index,False,True,1264.3126326893898,19.868024753641112
OK,2023-09-19,2026-09-18,1000.0,1328.9635463422553,328.9635463422553,328.9635463422553,0.0,0.3289635463422553,0.0995100974891034,0.1487975691576705,2024-03-07,2025-05-30,396,0.150868637714272,0.7066734634958207,0.9760251346517088,0.6687615802625073,20649.230459531285,11.364698516064289,10.324698516064286,1.04,7.18304542732,321.78050091493594,3.2582742268174417e-15,120,104,104,0.6634615384615384,1.577244124103988,3.109424130376433,450.9519230769231,413.0,429,308,0.046497153811347,-0.0688726156431369,0.4253125662346095,0.5746874337653904,,0.097459063730064,-0.0847748951381476,"{'2023-09': -0.000805394195045217, '2023-10': 1.976099028855316e-06, '2023-11': -0.0010372387205482836, '2023-12': 0.021982689179139703, '2024-01': 0.01975971934554499, '2024-02': 0.08808386739988827, '2024-03': 0.027314565921065403, '2024-04': -0.04870034626900144, '2024-05': 0.026522553470468502, '2024-06': 0.014746781779251705, '2024-07': -0.052321522296948086, '2024-08': -0.03632140228069625, '2024-09': -0.0036451596453360713, '2024-10': -0.01029335787133201, '2024-11': 0.011668152328319747, '2024-12': -0.0011021693120831788, '2025-01': -0.016781032104565496, '2025-02': -0.006902664712508444, '2025-03': -0.002679568458958781, '2025-04': 2.771314511207379e-09, '2025-05': -0.0009829943755651493, '2025-06': 0.03502915978702714, '2025-07': 0.02926810112045941, '2025-08': 0.008195323694279333, '2025-09': 0.06948267742165748, '2025-10': 0.055938388559572116, '2025-11': -0.027909158457491978, '2025-12': 0.0002737279561544348, '2026-01': 0.019141013094515325, '2026-02': 0.0008669787484567593, '2026-03': -0.02148016852344148, '2026-04': 0.05141567049878826, '2026-05': 0.09745906373006408, '2026-06': 0.04316008869315335, '2026-07': -0.08477489513814762, '2026-08': 0.004602045185100101, '2026-09': -9.273620216931899e-05}","{'2023': 0.020102419806384386, '2024': 0.027969163564973254, '2025': 0.14739641341544085, '2026': 0.10452542020814626}",977.72171072982,1462.281563407328,daily_mark_to_market_equity,A08__QQQM_SMH__primary,a,QQQM_SMH,A08,primary,base,0,sha256:acd49d7f6e3e633cb9e24e4f31a698d59c7e8a2578e14056df443689e9c014bb,continuous,,False,A08__QQQM_SMH__primary/base/continuous,-0.6364742158138847,0.4730523768964789,0.6313981175819573,-1.7241635219797324,-0.6831182821256312,-0.0428882185697797,-0.4285903018526149,0.4967738508734334,0.4923126687996346,-1.1734856395306923,-0.5069370210381337,0.0505851746812383,-0.638938554120185,0.4778035510532449,0.6324625287838449,-1.7254683110255098,-0.6862518073502932,-0.0439000612778533,-2.5678085957316945,0.2964893603842666,0.7190395284198836,-7.905576230137178,-2.6579851564377988,-0.6654127218401368,-1.999694485343857,0.2776317615567991,0.71937173485012,-7.065296186519677,-2.0866540289142597,-0.2491223377634558,-1.9656748936174009,0.0550060444101475,-1.3208513634792638,0.1395754152395466,-1.9657232875964792,0.0535486162830164,-9.8593828458445,-0.3969348245187178,-8.873364057987937,-0.0484443081139718,0.3193676887700527,0.1468266160727406,COMPLETE,BLOCKED_EXECUTION_AUDIT,execution_protocol_audit_incomplete,0.2949484418470574,0.14629392794563223,evaluation_index,False,True,1130.5756497083883,18.264350965684944
OK,2023-09-19,2026-09-18,1000.0,1274.2969262395331,274.29692623953315,274.29692623953315,0.0,0.2742969262395331,0.0842120911670245,0.0822646862065478,2025-08-22,2025-12-17,103,0.1139091907052723,0.7681291951417333,1.3922811168277816,1.0236724292071966,43548.269114956194,44.14858756046779,43.548587560467794,0.5999999999999999,0.0,274.296926239532,0.0,60,60,60,0.5833333333333334,1.3303020898696765,1.8624229258175469,2.933333333333333,3.0,75,70,0.0896931274636838,-0.0492917928070796,0.0520980018666482,0.9479019981333516,0.1562940055999448,0.070845121433366,-0.0394252500356522,"{'2023-09': -0.00637431990471482, '2023-10': -0.0323918127188334, '2023-11': 0.0, '2023-12': 0.014151274191595675, '2024-01': 0.023643473952411842, '2024-02': 0.0, '2024-03': 0.031750039695811916, '2024-04': -0.016365212548541508, '2024-05': 0.006698805566083488, '2024-06': 0.012336229051785885, '2024-07': -0.039425250035652226, '2024-08': 0.016996032459188015, '2024-09': 0.005888223664245462, '2024-10': 0.00487509241670403, '2024-11': 0.04206636418719145, '2024-12': -0.013541184296689934, '2025-01': -0.004129030675419587, '2025-02': 0.005298437279635415, '2025-03': 0.0030656752978572843, '2025-04': 0.0, '2025-05': 0.0, '2025-06': 0.0, '2025-07': 0.02195112664870358, '2025-08': 0.04518235848961227, '2025-09': -0.013642922486642672, '2025-10': -0.0030765412934924408, '2025-11': -0.008934656013012132, '2025-12': -0.01403586060655615, '2026-01': 0.060757138201825045, '2026-02': 0.07084512143336608, '2026-03': -0.0005097720680183881, '2026-04': 0.015407345848552412, '2026-05': 0.0, '2026-06': 0.01794523522940361, '2026-07': 0.010040020848687492, '2026-08': -0.00816733405612724, '2026-09': 0.0037039627422652543}","{'2023': -0.02495405093216474, '2024': 0.07465235677260029, '2025': 0.03064484772895426, '2026': 0.17996335821146503}",960.1168876530452,1305.191960201113,daily_mark_to_market_equity,L06__SPXL_SOXL__primary,b,SPXL_SOXL,L06,primary,base,0,sha256:acd49d7f6e3e633cb9e24e4f31a698d59c7e8a2578e14056df443689e9c014bb,continuous,,False,L06__SPXL_SOXL__primary/base/continuous,-0.6911408359166069,0.1509732649324802,0.2668912301836484,-2.025857426700413,-0.7639036876086106,0.0621611744535494,-0.483256921955337,0.1923509145915068,0.2524740475143688,-1.3154692457717403,-0.5702747102626253,0.0363869133008896,-0.6936051742229071,0.1515221428348921,0.2656450532809644,-2.0293924498035643,-0.7670310765940435,0.0617029321488137,-2.6224752158344167,0.0848290557631808,0.2724761461732372,-8.188759381766847,-2.688603397585953,-0.4735307678027962,-2.054361105446579,0.0815533737397626,0.2798764492653858,-7.305367169846728,-2.105946982351494,-0.0745898912806179,-2.3134377870358875,0.1769635521548432,-1.500784420810071,0.137139576422546,-2.3204212536159483,0.1731801971792105,-10.329957025569724,-0.2153269449505725,-9.301683907005431,0.1286673886828037,0.2742559630554091,0.0822686898124787,COMPLETE,BLOCKED_EXECUTION_AUDIT,execution_protocol_audit_incomplete,0.036834980014514906,0.12684727272015373,evaluation_index,False,True,1082.5787631150486,40.226421022382645
OK,2023-09-19,2026-09-18,1000.0,1250.0381567052812,250.03815670528115,250.03815670528115,0.0,0.2500381567052812,0.0772831951182355,0.1102860469369277,2024-06-18,2025-05-23,322,0.1378901988582377,0.6113280409659191,0.8200615868776522,0.7007522462241624,6285.264146509685,6.5055165289047086,6.285516528904709,0.22,4.161277919186,245.87687878609535,0.0,22,22,22,0.5909090909090909,1.4429224942909535,2.0842213806424885,42.95454545454545,47.0,244,177,0.0419085515019439,-0.093904756202934,0.1284995288804402,0.8715004711195597,0.3854985866413206,0.151536188710107,-0.0593004877904828,"{'2023-09': 0.0, '2023-10': 0.0, '2023-11': -0.0033787132778400064, '2023-12': 0.0723157640441423, '2024-01': -0.0593004877904828, '2024-02': 0.06424347262068464, '2024-03': 0.0016395494399394916, '2024-04': -0.02077926494075477, '2024-05': -0.008883851428089007, '2024-06': 0.04823468545813636, '2024-07': -0.023295811154536605, '2024-08': 0.0, '2024-09': 0.0, '2024-10': -0.04069241812491875, '2024-11': 0.02611907729926477, '2024-12': 0.009901624996522695, '2025-01': -0.02477276896572611, '2025-02': -0.02178638950249312, '2025-03': 0.0, '2025-04': 0.0, '2025-05': -0.001152952411818342, '2025-06': 0.0502845277923516, '2025-07': 0.008215312140874342, '2025-08': -0.009063764856523493, '2025-09': 0.06240069118777414, '2025-10': 0.02840775785827465, '2025-11': -0.053271059092451, '2025-12': -0.016214805120065234, '2026-01': 0.008790100812976709, '2026-02': -0.01649827808808202, '2026-03': -0.013760184138964404, '2026-04': 0.08482520625787826, '2026-05': 0.151536188710107, '2026-06': -0.02930733604280944, '2026-07': -0.021853451678345626, '2026-08': 0.0, '2026-09': 0.0}","{'2023': 0.06869271653412912, '2024': -0.0094764215705756, '2025': 0.017475830323593122, '2026': 0.16059715264964192}",984.50064907216,1387.6675633556815,daily_mark_to_market_equity,L05__TQQQ_SOXL__primary,b,TQQQ_SOXL,L05,primary,base,0,sha256:acd49d7f6e3e633cb9e24e4f31a698d59c7e8a2578e14056df443689e9c014bb,continuous,,False,L05__TQQQ_SOXL__primary/base/continuous,-0.7153996054508589,0.3469870479954141,0.5067256505137342,-1.8219915121948025,-0.773186565437073,-0.1131115761459621,-0.507515691489589,0.3695683170042362,0.400721447461251,-1.2571321073569068,-0.5838088102155617,-0.0306292351922934,-0.7178639437571592,0.3519841780314708,0.5097698431668665,-1.8239806548414244,-0.7761361871069019,-0.1158525871573232,-2.646733985368669,0.219440061226502,0.5822709715902983,-8.048770564087462,-2.745936737729215,-0.6720079673256757,-2.078619874980831,0.2067548077057718,0.5861454648478331,-7.155333227507802,-2.15118728810284,-0.2841299915997788,-2.0786722480165203,-0.0130880742508564,-1.3739755260010766,0.080437603366714,-2.085462554089125,-0.0194805468130954,-9.972168506908409,-0.4135853639511134,-9.247028686001928,-0.0868191207179401,0.2644507969099059,0.11028949357090279,COMPLETE,BLOCKED_EXECUTION_AUDIT,execution_protocol_audit_incomplete,0.26008672780444386,0.1108291959699016,evaluation_index,False,True,1082.142275262299,5.808168010981927
OK,2023-09-19,2026-09-18,1000.0,1228.7785041285351,228.77850412853513,228.77850412853513,0.0,0.228778504128535,0.071136855935822,0.1241667556299497,2024-03-07,2025-06-05,394,0.1311729681506556,0.5917563851158084,0.8018261140715596,0.572913865510258,7642.418778946595,7.872650768654568,7.642650768654567,0.23,4.661446492189999,224.11705763634552,0.0,23,23,23,0.4782608695652174,2.08125418595687,1.9078163371271308,47.608695652173914,42.0,278,204,0.0369038586430197,-0.0846342055309572,0.1760346300983279,0.823965369901672,0.5281038902949841,0.1281680262270108,-0.0497219559161561,"{'2023-09': 0.0, '2023-10': 0.0, '2023-11': -0.0001796497735701008, '2023-12': 0.07542469266408824, '2024-01': -0.03482706722238971, '2024-02': 0.07342291589797623, '2024-03': 0.02141931720087853, '2024-04': -0.03215911350130307, '2024-05': -0.011318282852138095, '2024-06': 0.03744545476392913, '2024-07': -0.01883335209476078, '2024-08': 0.0, '2024-09': 0.0050965995962113375, '2024-10': -0.03235829881377594, '2024-11': 0.011890831567841209, '2024-12': -0.014583963625112273, '2025-01': -0.0336529174436031, '2025-02': -0.00823324521820279, '2025-03': 0.0, '2025-04': 0.0, '2025-05': 0.0, '2025-06': 0.04395549365049578, '2025-07': 0.009611764788150845, '2025-08': -0.001918363737858808, '2025-09': 0.05707417611342369, '2025-10': 0.019728421221812287, '2025-11': -0.049721955916156135, '2025-12': -0.025400732515814872, '2026-01': 0.02885511084630621, '2026-02': -0.006374330256857075, '2026-03': -0.03306231140691607, '2026-04': 0.07784082300427797, '2026-05': 0.12816802622701085, '2026-06': -0.023360393402196866, '2026-07': -0.02185347286297956, '2026-08': -0.008132402687852647, '2026-09': -0.002668347910537161}","{'2023': 0.07523149286156006, '2024': -0.00040460260040553475, '2025': 0.006495646323082083, '2026': 0.13588791973474912}",989.77739693643,1364.427421269025,daily_mark_to_market_equity,L05__SPXL_SOXL__primary,b,SPXL_SOXL,L05,primary,base,0,sha256:acd49d7f6e3e633cb9e24e4f31a698d59c7e8a2578e14056df443689e9c014bb,continuous,,False,L05__SPXL_SOXL__primary/base/continuous,-0.7366592580276049,0.3401796883206198,0.5222242751649772,-1.875983398911305,-0.8029608568824853,-0.1213729076453778,-0.5287753440663351,0.3889847364311769,0.4433732298022243,-1.267180884160806,-0.6073038148770754,-0.0711894732761301,-0.7391235963339052,0.3450475215070984,0.525313984396679,-1.8786571282832167,-0.8056812838159306,-0.1238512130832851,-2.6679936379454148,0.2123838060193044,0.5924063091186547,-8.090188371353255,-2.7633654880434855,-0.6980782235236486,-2.0998795275575772,0.1995631105333908,0.5947289900882237,-7.189168963837282,-2.173700901975044,-0.2925154462039946,-2.1456772488191365,-0.0023655917581813,-1.3967783677296897,0.0306843711599288,-2.1519056115369963,-0.00699989038912,-10.059288573627486,-0.438480207808898,-9.241462613246547,-0.0830891258420422,0.20999556369946792,0.13482798651373484,COMPLETE,BLOCKED_EXECUTION_AUDIT,fewer_than_four_positive_windows;execution_protocol_audit_incomplete,0.2219214017660489,0.10804188703308404,evaluation_index,False,False,1103.1951904771563,6.9275309074190945
OK,2023-09-19,2026-09-18,1000.0,1199.892727858135,199.892727858135,199.892727858135,0.0,0.199892727858135,0.062671115393422,0.1076680624890482,2024-04-09,2024-07-19,179,0.1275344390035587,0.5407239646758216,0.9448933255512052,0.5820771168775962,41154.93479414451,41.725173930617046,41.155173930617046,0.57,2.4814273037510004,197.411300554383,0.0,57,57,57,0.5263157894736842,1.3800964188666796,1.5334404654074218,2.8596491228070176,3.0,61,69,0.1052881583161813,-0.0535637749921972,0.0492423725175535,0.9507576274824464,0.1477271175526607,0.0541289506210205,-0.0432491193810183,"{'2023-09': -0.002435952823374943, '2023-10': -0.03559421759667514, '2023-11': 0.0, '2023-12': 0.014151280373486674, '2024-01': 0.013366524702504323, '2024-02': 0.010827391539260933, '2024-03': 0.031750051367057885, '2024-04': -0.03257316646837516, '2024-05': 0.0, '2024-06': 0.01848087530528386, '2024-07': -0.043249119381018386, '2024-08': 0.020280473640284402, '2024-09': 0.0061405828339291535, '2024-10': 0.0061941312043323205, '2024-11': 0.04187797856912101, '2024-12': 0.03617410812820476, '2025-01': 0.016919779670213853, '2025-02': -0.019015707261815895, '2025-03': 0.0062363973510248805, '2025-04': 0.0, '2025-05': 0.0, '2025-06': 0.0, '2025-07': 0.021951440798278377, '2025-08': 0.04862780358000096, '2025-09': -0.01364260175328369, '2025-10': -0.00435107562554693, '2025-11': -0.011198919651260408, '2025-12': -0.04135268810318771, '2026-01': 0.051568533603267186, '2026-02': 0.05412895062102052, '2026-03': 0.001212792800521667, '2026-04': 0.015407200089322837, '2026-05': 0.0, '2026-06': 0.014589982960265147, '2026-07': -0.007053984907208544, '2026-08': -0.016272804969564292, '2026-09': -0.010207926848513016}","{'2023': -0.024329132817399457, '2024': 0.11095776714968819, '2025': 0.0014026260656512246, '2026': 0.1054339747109494}",949.6711798782746,1281.8359341793189,daily_mark_to_market_equity,L06__TQQQ_SOXL__primary,b,TQQQ_SOXL,L06,primary,base,0,sha256:acd49d7f6e3e633cb9e24e4f31a698d59c7e8a2578e14056df443689e9c014bb,continuous,,False,L06__TQQQ_SOXL__primary/base/continuous,-0.765545034298005,0.1651545581639076,0.2607690897009012,-2.0620914352128747,-0.8160321802973087,-0.0037217801834479,-0.5576611203367352,0.205858223123072,0.2413359369479279,-1.3650119080391967,-0.6406168758949188,-0.0187272787950793,-0.7680093726043054,0.1654748513728233,0.2591128310620635,-2.0654597731057502,-0.8203593974158518,-0.006678246699851,-2.696879414215815,0.0946417636693111,0.2715175900748987,-8.282023329034196,-2.7598893078533786,-0.5213436738033892,-2.1287653038279775,0.0901046828281175,0.2761869004102686,-7.4273351206116915,-2.17872696334968,-0.1348208902398471,-2.394256823956453,0.1245457427535502,-1.565438068201855,0.0713356984169691,-2.405635634977361,0.1212086621529438,-10.30609972778925,-0.2745352538055474,-9.398815277604164,0.06393215368939,0.19985392496330756,0.10766803392091795,COMPLETE,BLOCKED_EXECUTION_AUDIT,execution_protocol_audit_incomplete,0.03736077735752663,0.14641075110781843,evaluation_index,False,True,1084.644873919779,37.94323449426854
OK,2023-09-19,2026-09-18,1000.0,1162.2948577328184,162.2948577328184,162.2948577328184,0.0,0.1622948577328185,0.0514461082122148,0.0894331598520822,2025-10-29,2026-03-09,142,0.0824405867039176,0.6518285990842466,0.9003881870937659,0.575246455535106,11982.870758526768,6.191476359381878,5.991476359381878,0.2,4.5658576272,157.72900010561816,0.0,20,20,20,0.6,1.3543562287104636,2.031534343065695,52.05,41.0,254,182,0.0303634981870863,-0.0344345343451846,0.2588480681639535,0.7411519318360464,,0.0654716035622311,-0.0366983015030955,"{'2023-09': 0.0, '2023-10': 0.0, '2023-11': -0.001446484260974712, '2023-12': 0.04025583329309068, '2024-01': -0.01925611896217516, '2024-02': 0.05797375967535867, '2024-03': 0.022331682786516538, '2024-04': -0.030360486457177482, '2024-05': -0.0022407669100015237, '2024-06': 0.04189981558643607, '2024-07': -0.014550123433317741, '2024-08': 0.0, '2024-09': 0.0, '2024-10': -0.023704313060907034, '2024-11': 0.021704539959729985, '2024-12': 0.00038182585225077226, '2025-01': -0.01988395789265396, '2025-02': -0.01603990831536839, '2025-03': 0.0, '2025-04': 0.0, '2025-05': -0.004134067569279809, '2025-06': 0.040371021434918664, '2025-07': 0.01202092147933631, '2025-08': 0.0033324301160564396, '2025-09': 0.03524385992416379, '2025-10': 0.023428236967259375, '2025-11': -0.033677276253947674, '2025-12': -0.010532849720887527, '2026-01': 0.0029967800173662518, '2026-02': -0.030106430872028356, '2026-03': -0.01395493507608192, '2026-04': 0.04055837901475501, '2026-05': 0.06547160356223114, '2026-06': 0.010695482400085332, '2026-07': -0.0366983015030955, '2026-08': 0.0, '2026-09': 0.0}","{'2023': 0.03875111960284494, '2024': 0.05145664892852575, '2025': 0.02778453045902074, '2026': 0.0354076351877437}",991.173578439025,1212.995854482731,daily_mark_to_market_equity,A05__QQQM_SMH__primary,a,QQQM_SMH,A05,primary,base,0,sha256:acd49d7f6e3e633cb9e24e4f31a698d59c7e8a2578e14056df443689e9c014bb,continuous,,False,A05__QQQM_SMH__primary/base/continuous,-0.8031429044233216,0.233286638747774,0.5698254137586636,-1.9693541141950963,-0.8781584334667032,-0.196778653578974,-0.5952589904620518,0.2477168353304666,0.4492578789694552,-1.3371881757870103,-0.6890219609018151,-0.2013780136016531,-0.8056072427296219,0.2361848057394327,0.5721307328239669,-1.9747817007378157,-0.8802017234970984,-0.1989852279555486,-2.7344772843411316,0.1443640429716218,0.6407086449240482,-8.24343530113869,-2.8237471117110795,-0.6903150046440453,-2.166363173953294,0.1320523368161587,0.6261641613225941,-7.444245042803828,-2.27677089644361,-0.3143888803555741,-2.2651371990180604,-0.1069067175688661,-1.4849977087527244,-0.1362626827861545,-2.2670503820186307,-0.1082332197035327,-10.305829607364888,-0.4639203368618078,-9.370686019253954,-0.0546313055046969,0.18768168997855406,0.09822344452374798,COMPLETE,BLOCKED_EXECUTION_AUDIT,execution_protocol_audit_incomplete,0.16643091899623141,0.09165332240503454,evaluation_index,False,True,1093.8981372405285,10.954283905039643
OK,2023-09-19,2026-09-18,1000.0,1002.6835542301508,2.6835542301508895,2.6835542301508895,0.0,0.0026835542301508,0.0008943315149487,0.4817310703930045,2023-12-27,2025-08-21,683,0.2158919436746658,0.1135389226929807,0.1505741690236921,0.0018564953973576,17445.330171763428,17.665345558855282,17.445345558855283,0.22,4.961807213006,-2.278252982855392,0.0,22,22,22,0.2272727272727272,3.3873593599220713,0.9962821646829622,13.590909090909092,10.5,103,78,0.0862099157510365,-0.107096715102599,0.1376764686476833,0.8623235313523168,0.4130294059430498,0.4521168970287286,-0.1499877931519082,"{'2023-09': 0.0, '2023-10': 0.0, '2023-11': 0.0, '2023-12': 0.16205509898085024, '2024-01': -0.14998779315190824, '2024-02': 0.057661839745141164, '2024-03': -0.026159835558329347, '2024-04': 0.0, '2024-05': 0.0, '2024-06': 0.0, '2024-07': -0.11295388896358705, '2024-08': 0.0, '2024-09': 0.0, '2024-10': -0.07886892368233323, '2024-11': -0.033265762253223086, '2024-12': -0.06307504288351473, '2025-01': -0.10603218755981336, '2025-02': -0.025003464182030033, '2025-03': 0.0, '2025-04': 0.0, '2025-05': 0.0, '2025-06': 0.04234373282864912, '2025-07': 0.0038275036952857278, '2025-08': -0.10234869594029539, '2025-09': 0.13025394086777742, '2025-10': 0.14951704075089234, '2025-11': -0.05058251675863701, '2025-12': 0.0, '2026-01': -0.032236766411588125, '2026-02': -0.0655286425619358, '2026-03': -0.03492111488453975, '2026-04': 0.4521168970287286, '2026-05': 0.04051203388537661, '2026-06': 0.0, '2026-07': 0.0, '2026-08': 0.0, '2026-09': 0.0}","{'2023': 0.16205509898085024, '2024': -0.3520533956927645, '2025': 0.009837141176338049, '2026': 0.3187018431705706}",616.4084875150545,1189.3602959808502,daily_mark_to_market_equity,L07__TQQQ_SOXL__primary,b,TQQQ_SOXL,L07,primary,base,0,sha256:acd49d7f6e3e633cb9e24e4f31a698d59c7e8a2578e14056df443689e9c014bb,continuous,,False,L07__TQQQ_SOXL__primary/base/continuous,-0.9627542079259892,0.3225277522729832,0.3008317542954796,-2.0008592846680533,-0.9930186057085636,0.1175040400958284,-0.7548702939647193,0.367138752645431,0.2542582449595986,-1.5906576446419538,-0.8367129903782311,0.3792482310681425,-0.9652185462322894,0.3270060377229438,0.3024849218498833,-2.0047819335182435,-0.998311303338404,0.1154113474281078,-2.894088587843799,0.1858304535782242,0.3149365547433193,-8.042416605128246,-2.9303455577063735,-0.7855776570959111,-2.3259744774559614,0.1729597867613203,0.3131784676462906,-7.1223998676636695,-2.326493408126585,-0.4362766709494873,-2.2256456344008124,0.5305343419919852,-1.7187662374671635,0.8444020171572003,-2.221762747570411,0.5243127327725022,-9.945533853217476,-0.507857321670094,-8.842454326804132,-0.2124561520231351,-0.14583107065797807,0.5246864587881623,COMPLETE,BLOCKED_EXECUTION_AUDIT,evaluation_base_return_nonpositive_or_missing;evaluation_stress_return_nonpositive_or_missing;fewer_than_four_positive_windows;evaluation_base_drawdown_exceeds_ceiling;evaluation_stress_drawdown_exceeds_ceiling;continuous_stress_return_nonpositive_or_missing;delayed_execution_gate_failed;execution_protocol_audit_incomplete,-0.05126435901248039,0.44306857393244314,evaluation_index,False,False,852.3383381048571,20.4676117356782
OK,2023-09-19,2026-09-18,1000.0,850.689774837379,-149.310225162621,-149.310225162621,0.0,-0.149310225162621,-0.0525105776538561,0.1546967925238017,2023-11-01,2026-08-03,721,0.0495373337412145,-1.067203768026937,-1.1561865469855914,-0.3394419289318932,31750.26455580908,16.225099006621434,15.875099006621433,0.3500000000000001,0.0,-149.31022516262152,0.0,35,35,35,0.4857142857142857,0.3588013499143642,0.3388679415857884,1.8857142857142857,1.0,33,39,0.0145905060489137,-0.044655149996848,0.0327915039536741,0.967208496046326,,0.0167937810009066,-0.0501731690194481,"{'2023-09': 0.0, '2023-10': 0.0020610754879502036, '2023-11': -0.006449542548240261, '2023-12': 0.0008461755444906238, '2024-01': 0.0, '2024-02': -0.006642931868560686, '2024-03': 0.0, '2024-04': -0.01341836312313116, '2024-05': 0.0, '2024-06': 0.0017984959730903416, '2024-07': -0.05017316901944813, '2024-08': -0.04940524237260335, '2024-09': 0.008983011803809449, '2024-10': 0.0, '2024-11': 0.007893034492028494, '2024-12': 0.0035394263633321543, '2025-01': 0.01232877996931947, '2025-02': -0.0036411320925835433, '2025-03': 0.0, '2025-04': 0.0, '2025-05': 0.0, '2025-06': 0.0, '2025-07': 0.012164006872310562, '2025-08': 0.006788988992050049, '2025-09': -0.0003968052746508022, '2025-10': 0.0, '2025-11': -0.03434397224612784, '2025-12': 0.0, '2026-01': -0.003154003993907306, '2026-02': 0.01679378100090667, '2026-03': -0.025864485715912378, '2026-04': -0.013485039586477954, '2026-05': 0.0, '2026-06': 0.0, '2026-07': -0.01754795765532058, '2026-08': -0.009358013042441327, '2026-09': 0.0033200194839793085}","{'2023': -0.003559309171564773, '2024': -0.09532752881168638, '2025': -0.007851198411759963, '2026': -0.048844395430787446}",847.874813935139,1003.0422296238752,daily_mark_to_market_equity,A06__QQQM_SMH__primary,a,QQQM_SMH,A06,primary,base,0,sha256:acd49d7f6e3e633cb9e24e4f31a698d59c7e8a2578e14056df443689e9c014bb,continuous,,False,A06__QQQM_SMH__primary/base/continuous,-1.1147479873187611,0.0432404442018654,0.175772342931499,-2.4401692821345047,-1.208783257270581,-0.4376413062314246,-0.9068640733574912,0.0489169473016554,0.1476413379299428,-1.7622914466854824,-1.020070068268948,-0.4659518253102768,-1.1172123256250612,0.0437572674400643,0.1764013731383584,-2.448551932301315,-1.213105864041842,-0.4423980175531523,-3.046082367236571,0.0250004004283265,0.1846532511520687,-8.66007228098582,-3.1371591273320085,-0.895774612353888,-2.477968256848733,0.0224969679562259,0.1775311441091223,-7.885399463474967,-2.56986871639761,-0.5238130663577101,-2.7396080339726474,-0.3425576465878007,-1.9535368702164195,-0.3957815164627718,-2.7448840414365208,-0.3428284215158857,-10.77188963540654,-0.6704459285654838,-9.91280198727882,-0.2976715682786883,-0.14928633582262119,0.15467421638360646,COMPLETE,BLOCKED_EXECUTION_AUDIT,evaluation_base_return_nonpositive_or_missing;evaluation_stress_return_nonpositive_or_missing;fewer_than_four_positive_windows;continuous_base_return_nonpositive;continuous_stress_return_nonpositive_or_missing;delayed_execution_gate_failed;execution_protocol_audit_incomplete,-0.04518509973091289,0.04780690390893105,evaluation_index,False,False,922.9854666641261,34.39952816436165
OK,2023-09-19,2026-09-18,1000.0,1056.0542613865914,56.054261386591406,56.054261386591406,0.0,0.0560542613865913,0.0183587960090538,0.4451084920113058,2023-12-27,2025-08-21,683,0.2038846191818892,0.1925533985404806,0.258987223143458,0.0412456655816568,23144.44630064293,23.414518276888863,23.144518276888864,0.27,7.492532593479999,48.561728793110994,0.0,27,27,27,0.3333333333333333,2.145383771767271,1.0726918858836354,15.25925925925926,14.0,137,127,0.0862099115532819,-0.1006188278495235,0.1901382969958062,0.8098617030041938,0.5704148909874186,0.4521168673955051,-0.1369518394442348,"{'2023-09': 0.0, '2023-10': 0.0, '2023-11': 0.0, '2023-12': 0.15606330512346034, '2024-01': -0.13695183944423484, '2024-02': 0.04907844411578477, '2024-03': 0.04745057405377073, '2024-04': -0.025581218622309, '2024-05': 0.0, '2024-06': 0.02595643712316731, '2024-07': -0.09572189060053249, '2024-08': 0.0, '2024-09': 0.0, '2024-10': -0.08289264436543586, '2024-11': -0.013791527423273275, '2024-12': -0.10087905569296696, '2025-01': -0.11691672135132536, '2025-02': -0.03220367935727553, '2025-03': 0.0, '2025-04': 0.0, '2025-05': 0.0, '2025-06': 0.03468656030335282, '2025-07': 0.00558940575682132, '2025-08': -0.08261747225127558, '2025-09': 0.11246770269295592, '2025-10': 0.1269863363729078, '2025-11': -0.03186027182063789, '2025-12': -0.019669499268495705, '2026-01': -0.02314202337094895, '2026-02': -0.058058001520853164, '2026-03': -0.03492046931436554, '2026-04': 0.45211686739550516, '2026-05': 0.0405124974546891, '2026-06': 0.0, '2026-07': 0.0, '2026-08': 0.005992414431604143, '2026-09': 0.0}","{'2023': 0.15606330512346034, '2024': -0.3027955688477858, '2025': -0.029306305084720763, '2026': 0.34977776487205436}",654.5369625936611,1179.5764634534598,daily_mark_to_market_equity,L07__SPXL_SOXL__primary,b,SPXL_SOXL,L07,primary,base,0,sha256:acd49d7f6e3e633cb9e24e4f31a698d59c7e8a2578e14056df443689e9c014bb,continuous,,False,L07__SPXL_SOXL__primary/base/continuous,-0.9093835007695488,0.3172076452372149,0.3132940913685965,-1.9389871740706863,-0.9458301458511836,0.1753841742716844,-0.7014995868082787,0.3848491019469786,0.282219661262425,-1.527194080813891,-0.7660292764242793,0.4175691741498269,-0.9118478390758488,0.3215937350202875,0.314997793174316,-1.9394448782385372,-0.9496938872697924,0.1747740084467143,-2.8407178806873583,0.1858365428563435,0.3334949599235184,-8.02555508290394,-2.846317371955735,-0.7836085653620142,-2.2726037702995208,0.1720584901723575,0.3298943162935618,-7.04972488758332,-2.2502543230367555,-0.4099756617821202,-2.208434403029142,0.4992409087875207,-1.6529968962488013,0.8381817830262961,-2.207336894550579,0.4945109281068639,-9.938736515723065,-0.4571562750704548,-8.707865734544574,-0.151525155228002,-0.1497689906535027,0.5257965221768106,COMPLETE,BLOCKED_EXECUTION_AUDIT,evaluation_base_return_nonpositive_or_missing;evaluation_stress_return_nonpositive_or_missing;fewer_than_four_positive_windows;evaluation_base_drawdown_exceeds_ceiling;evaluation_stress_drawdown_exceeds_ceiling;delayed_execution_gate_failed;execution_protocol_audit_incomplete,-0.0513345929403457,0.4280657688498789,evaluation_index,False,False,894.9321382250786,25.861677452488603
